2019 Daytime Pop Density,2019 Unemployment Rate,ACS Average Number of Vehicles,ACS HHs: Inc Below Poverty Level: Percent,2019 Median Household Income,Square_Meters_Residential,Square_Meters_Com_Ind_MU,Square_Meters_Other,Undeveloped_Sq_Meters,Developed_Open_Space_Sq_Meters,Developed_Low_Intensity_Sq_Meters,Developed_Medium_Intensity_Sq_Meters,Developed_High_Intensity_Sq_Meters,Household_Density,PrimaryLengthMeters,Pri_LengthMeters_Half,SecondaryLengthMeters,TeriaryLengthMeters,WalkLengthMeters,Ridership
3169,3.2,2,21.21,30290,8689.422468,105205.0769,68741.6774,114300,314100,364500,375300,303300,88.03903456,1265.984988,632.9924942,3114.087406,5588.010928,,0
2879.5,1.6,1.4,28,37570,7275.785398,105113.3044,31110.97836,6300,184500,296100,286200,172800,181.5414356,6032.814953,3016.407476,1905.037984,4598.849581,,3
1586.1,0.7,1.4,27.32,37659,11744.54089,101949.9228,3459.248985,834300,525600,731700,677700,396900,223.5774774,1474.306623,737.1533117,1740.914484,8698.90423,,4
6747.4,0,0,0,0,0,105750.3504,0,900,26100,93600,198000,194400,0,3594.78086,1797.39043,1238.376773,1270.922402,,2
2109.5,3.1,1.5,11.76,37141,15653.07159,216725.2135,33787.68041,287100,295200,493200,690300,825300,104.9403233,3866.632546,1933.316273,4054.436198,9100.261039,,5
454.5,4.1,1.6,12.95,47411,15726.34495,113117.2565,23054.05884,6741000,1462500,830700,582300,225900,54.45689837,3628.426881,1928.615622,5559.706973,11056.89854,2534.13533,0
1891,0,0,0,0,0,199759.2092,122.3262208,660600,83700,144000,285300,566100,0,3886.612453,1943.306226,2741.668721,1858.870924,3051.823316,7
1611.5,0,0,67.15,10389,12387.88369,114639.305,1382.494173,108900,174600,502200,501300,505800,270.552657,13064.89787,6858.120558,2144.017402,6316.458109,2431.382233,8
1169,1.1,1.7,12.4,46820,19070.52706,22634.86986,422.0205707,1401300,501300,154800,73800,20700,187.6636609,1316.230314,1316.230314,6891.721365,7169.106468,4980.824134,25
2017.5,1.5,1.2,44.78,15753,8720.135262,171384.8682,36135.17536,52200,113400,369000,579600,683100,96.37458279,1517.489191,1350.607711,1321.156722,9844.432666,289.3887667,32
6201,6.2,1.1,37.95,20468,51426.32774,47813.74387,15773.16127,0,23400,233100,246600,152100,1389.122667,1806.340585,1806.340585,1776.907579,8118.705644,362.404036,25
5249.2,5,1.6,32.3,31219,45513.32404,19950.00821,233.2723222,0,4500,122400,159300,45000,2429.443618,2357.639435,2357.639435,695.4986948,4790.316784,,56
2263.1,6.4,1.7,13.83,35152,77224.79364,28725.23744,1956.959018,110700,699300,430200,91800,112500,845.4906572,2000.995747,2000.995747,1181.069211,9846.83104,1363.59417,46
7028.5,5.1,1.3,18.06,37121,9508.823147,167706.6898,0,126000,159300,261000,240300,486000,158.8699665,4935.977641,3064.54315,778.9530385,6556.916702,1840.936645,69
446.6,5.2,2.3,2.27,65534,77664.91564,8145.950992,6080.859804,1843200,891000,459900,137700,60300,252.6999742,7124.816236,3616.427353,530.5750089,11966.37101,1351.032883,0
1168.9,4.7,2.3,2.27,65340,18987.53609,39161.13632,121.2893864,1503000,630900,503100,290700,85500,80.91853348,12682.37809,6973.822882,907.9959657,6034.381881,475.5030426,9
970,4.6,1.7,31.37,36262,85758.28648,7112.43612,547.4140778,712800,851400,408600,112500,13500,623.7848336,,,1805.567629,12994.99131,3174.949016,0
2852.6,5.5,1.4,38.03,30051,124001.0569,52932.72699,3331.922789,243900,556200,727200,232200,39600,1335.961081,,,2336.615883,22665.60198,801.8223371,60
852.1,0.8,1.4,27.11,37658,62884.55601,9531.438031,551.9688873,1019700,653400,332100,75600,7200,450.3522996,,,1763.251192,10556.78799,2461.750983,9
640.7,2,1.8,16.78,64524,211320.2362,3506.808555,1692.297839,2021400,723600,740700,146700,6300,515.4495677,,,304.2449841,17708.9908,,0
355.2,2.3,2,8.6,64776,216665.5195,81106.86375,15203.34209,12381300,3620700,893700,466200,154800,123.012843,13467.0045,8175.340726,170.8695782,36471.70346,,0
1197.3,0.5,1.9,15.8,76771,104886.1534,83858.90316,15658.05321,2221200,1558800,759600,440100,222300,438.29035,2416.745275,1208.372638,10402.69239,15169.4714,1035.674037,0
2609,0.3,1.8,0,59728,122832.2457,91446.17454,1926.096078,396000,927900,503100,344700,165600,558.0033071,,,6003.946615,9551.836253,14.53850465,10
1039.4,7.9,1.8,13.35,55435,160052.9252,20504.51392,19560.19193,1186200,1285200,643500,176400,35100,608.5930954,,,5250.085461,14754.84811,1300.548782,0
1784.3,0.7,1.5,3.41,53785,114131.4783,47405.18317,1495.688228,839700,616500,401400,239400,77400,1623.145541,,,3473.865011,10225.47764,,10
3388.4,2.8,1.6,23.68,57028,166376.7989,149575.5083,10703.05494,276300,690300,675000,568800,386100,1215.233249,,,7249.037556,7942.583171,380.72827,231
1312.6,1.2,2,0,92032,178713.5458,2635.839457,1793.92743,623700,697500,783000,129600,2700,843.0815557,,,4518.017582,12058.63952,,0
655.9,2.9,1.9,2.07,70957,104886.9263,12298.89995,846.8638267,1410300,584100,393300,40500,6300,459.0823654,,,1905.336766,10584.89237,,0
1632.2,0.8,2,2.45,70713,143317.8636,12490.39534,2217.02029,1729800,1215000,648000,159300,58500,526.8919129,3944.91594,1972.45797,4538.632375,14016.07855,421.3413546,0
657.9,0,1.8,24.62,52172,62505.15696,26992.05908,657.9419805,1461600,1226700,387000,72900,6300,326.1027987,94.99261946,47.49630973,1905.683577,11165.04367,,0
2304,2.4,1.4,11.08,76018,96028.56411,50959.29789,941.0191549,543600,444600,404100,280800,81000,724.1227309,,,1241.679404,8780.83478,1130.119404,0
710.4,0,2.1,10.16,82454,58874.30613,1425.850134,323.4861716,406800,567900,387000,347400,219600,437.8473416,10138.72439,5069.362197,4802.352192,7683.453267,,0
395.7,2.8,0,2.36,76127,186723.6297,36465.26109,1942.946252,10635300,1773900,1010700,118800,77400,169.0531137,3563.856036,1781.928018,,23304.92308,32794.62475,0
2319.9,0,1.4,0,42500,112.8531242,278659.138,16386.8072,524700,403200,635400,629100,441000,2.949605464,855.0408767,855.0408767,,6521.500193,1897.020666,0
28080.9,18.8,0.9,35.92,24661,14800.0837,173462.9945,43270.93395,96300,165600,326700,531900,600300,172.1653751,6607.727025,5006.037063,2287.202459,5003.901781,551.1044624,116
643.7,4.9,2,3.57,81301,186532.8295,14261.67801,5693.951766,2234700,846000,663300,306000,49500,423.6822093,,,1744.482501,17049.53442,,0
1236.9,0,0,0,93323,245163.859,23611.43709,3330.603852,551700,1503000,1156500,125100,15300,819.3247876,,,3286.817703,24211.67497,538.9079803,0
1002.7,4.8,1.9,3.31,61337,148340.178,8346.46401,1224.798868,1018800,1052100,498600,190800,34200,822.681634,3833.905023,1916.952511,3796.868578,12474.77222,4586.662585,0
2490.9,3,1.8,5.51,55207,174148.0382,40475.8421,2470.160276,24300,795600,1038600,353700,125100,1036.153703,11963.15585,5981.577923,5438.337854,16517.29435,90.03329964,0
2941.8,2.4,1.7,6.45,55715,34581.20197,101639.534,2869.645162,360900,373500,455400,662400,624600,130.8732284,2794.556801,1397.2784,1214.259511,4626.468726,,2
6631.1,0,1.2,12.5,37752,5102.587321,60342.28828,27033.70178,83700,153900,150300,180000,180900,110.0219871,2163.777522,1081.888761,1048.689695,2688.015993,,8
2193.4,0,2.1,11.37,91345,108385.3396,62834.31631,1233.873006,109800,654300,619200,336600,120600,699.7627933,6528.167374,4383.351771,749.1484689,9936.036408,,24
1210.3,2.3,1.7,6.02,55649,155929.1267,37395.34204,1973.344479,980100,932400,797400,231300,34200,668.7779436,,,4072.793515,13890.13905,,0
1995.6,3.6,1.4,15.52,57829,212542.4884,47968.06966,811.0056791,393300,869400,863100,286200,57600,1312.705669,,,3185.981115,14356.22678,,0
6507.7,1,1.1,11.38,40463,44735.27829,26846.91195,117.0680858,37800,93600,166500,230400,116100,1629.104226,3289.043273,2379.590247,686.8115522,2125.308941,,33
4349.5,1,1.1,11.22,40341,62141.31279,37109.56806,156.5051847,25200,348300,243000,207000,49500,1721.226303,1470.137221,1470.137221,1687.854713,2734.328219,,37
1137.2,1.9,2.1,5.9,79400,187794.1953,13503.09914,764.4698808,1272600,1203300,799200,90900,3600,630.3646639,,,2468.978242,18258.32562,,0
4613.8,1.8,1.7,0,71980,3883.469839,54116.83574,2869.124809,48600,227700,280800,201600,102600,147.2983471,3278.058796,1639.029398,2517.530901,1849.89366,,0
1841.9,3.8,1.4,6.94,35000,58846.51427,41482.69388,75.65748848,530100,411300,333900,241200,54000,916.9497168,2700.322475,2123.293492,,8956.603268,,10
289.7,3.9,2.1,5.96,102836,247713.0275,12809.76877,3079.487672,11029500,1728900,780300,154800,20700,179.4431571,,,2993.066901,37897.331,,0
1464.6,4.9,2,3.72,81212,111685.4116,13593.31788,311.9076189,715500,489600,583200,80100,9900,812.4249026,,,,13930.62455,125.2845281,0
740.1,2.8,1.4,4.8,50720,109698.2671,37333.05446,2290.756538,2667600,915300,360000,177300,43200,341.5171601,,,2817.869137,16562.37665,288.4116892,0
1125.2,0.4,1.7,22.83,54085,48643.60689,16444.45095,678.8129773,140400,586800,180900,42300,900,977.0637175,515.3896398,515.3896398,,11979.13862,102.5017269,3
1795.6,1.4,1.5,16.51,39659,129511.2756,24809.69499,361.8012225,338400,942300,627300,177300,54000,1133.500099,7765.473605,5263.179621,,18760.32212,4028.013217,0
1727.2,2.3,2,6.36,51769,63263.09638,63020.44613,1299.602024,553500,493200,480600,185400,32400,596.166477,1739.398777,869.6993885,,9534.12006,651.7647153,0
2817.2,5.3,0,22.78,38451,52245.26926,35451.46202,0,0,338400,300600,88200,72000,1460.987319,1661.147182,1661.147182,791.3054985,9699.61854,961.8406479,34
822.6,2.9,1.9,9.7,38788,70562.83283,63529.52934,639.8797092,1400400,735300,630900,229500,72000,377.1582513,,,4692.347818,9048.609485,5029.76599,4
2381,7.4,0,31.45,33711,55351.4064,443.1351331,371.3982928,0,354600,205200,4500,0,1790.760706,,,561.5841905,9300.885631,,0
1373.4,3.7,0,20.5,59959,125477.295,13655.45719,250.7657449,45000,924300,464400,56700,9900,1070.362122,1212.423072,1212.423072,17.19919562,15941.62942,708.707927,0
467.1,3.1,1.7,15.28,42279,80620.04333,18350.52926,1380.566772,2985300,620100,457200,141300,25200,318.3896124,16272.16942,8616.835829,5189.718673,8709.866278,211.3738984,0
3418.6,4.9,1.6,20.13,36880,61421.5391,84283.05341,273.6985233,40500,514800,452700,225000,121500,715.9700683,1850.855086,1850.855086,,10938.95193,,0
551.4,1.8,2.4,0,131992,178591.5722,3460.686339,1201.550591,1566000,1089900,453600,138600,3600,372.0784566,,,,14817.0979,,0
1107.9,2.7,2,21.55,30029,47834.42258,42036.48667,631.6081046,352800,630000,345600,192600,72000,492.9896927,,,3125.692923,6035.761141,1669.34097,5
284.3,0,0,0,0,0,576445.2358,48179.35957,7001100,2871900,2026800,1594800,1645200,0,7425.539168,3712.769584,2252.010572,16803.37652,2492.201665,1
2420.3,7.3,1.6,9.13,37935,99883.81091,9152.208527,4495.496259,36900,453600,551700,56700,6300,1423.659322,,,1541.372796,12452.60646,,0
180.9,13.6,2.2,6.03,51093,79734.89,12682.40311,1664.628521,5730300,668700,396900,46800,20700,133.9249482,7542.317857,3771.158929,,16492.5365,,0
206.7,8.1,1.9,15.06,59024,167950.2458,35203.93481,6307.386935,11389500,1425600,855000,173700,45000,125.8163348,15348.95986,9599.169253,1000.825997,25645.76108,17.11533358,0
2188,4.1,1.7,15.16,47336,169433.8043,58806.79284,0,728100,1506600,712800,180000,113400,860.1753427,2700.589434,2700.589434,,22613.81503,13.01387857,0
548.1,3,1.7,15.32,41990,102110.1557,20947.94818,604.5626718,2704500,780300,379800,83700,22500,390.2521264,4315.009725,4315.009725,7661.451568,11183.2117,21.7835503,0
1123.6,0,1.8,20.87,60057,100330.0427,20357.73297,953.2671587,927900,1024200,453600,70200,18000,552.0136352,7804.394231,6200.017447,87.53520854,15044.75138,,0
676,1.6,1.5,0,36860,71894.26599,56105.29253,11839.82837,4445100,702900,414900,216900,66600,214.5714596,,,2127.31399,16849.77448,728.9459148,0
722.8,0,2,10.42,67271,167190.6792,8391.599452,1089.503037,2108700,1519200,794700,72000,4500,488.0903116,2861.616201,2123.202952,,25331.60639,,0
2432.2,1.4,1.6,12.34,46702,78613.01914,12261.18722,615.5566617,7200,606600,309600,58500,19800,1913.570774,2603.277578,1755.96102,1271.652217,11788.17272,,2
3084.1,5.4,1.6,31.82,30531,5571.385007,17896.65465,13340.34453,0,24300,111600,162900,61200,438.481193,1718.95165,1718.95165,704.6735031,1083.730849,2243.936888,28
1184.2,7.1,1.4,17.65,28027,4305.073625,126678.3167,11372.50112,468900,504900,568800,443700,511200,26.96534604,15664.35948,9863.024271,,1326.473234,521.0748594,13
727,11.9,1.9,9.3,37978,53340.3949,4154.36401,1364.086795,759600,730800,205200,21600,900,468.1946622,,,4397.105639,10825.25039,1245.102203,1
2105.1,0,0,0,200001,0,92521.04157,64.0192687,302400,140400,289800,211500,170100,6.947984929,7594.610262,3797.305131,,4943.605338,,0
1491.9,4.2,1.8,8.45,41683,107208.8309,11995.39369,1551.925807,314100,977400,355500,40500,7200,906.5466868,,,3918.680077,16613.37065,273.9693254,12
4943.4,4.8,1.6,20.42,36776,29513.09198,114392.1747,1133.41328,4500,208800,215100,234000,342000,888.0169452,2426.97236,1632.66663,1497.918189,6681.138295,296.9553912,20
2268.1,0.5,1.3,12.97,37652,127724.0865,69296.69683,256.0643223,414000,759600,598500,304200,155700,1247.909991,4465.694459,3352.115314,2664.438665,11625.28104,950.6285562,22
12504.7,3.8,1.8,4.35,57161,16499.3939,188540.695,376.7014704,0,85500,163800,577800,538200,109.8951526,4941.53028,2470.76514,3099.694786,2479.471052,,154
1599.3,0.7,0,6.89,71516,300920.1473,32744.25722,1689.912737,1307700,1124100,1129500,254700,49500,943.4798981,,,1864.304637,29409.22248,,0
2444.4,4,1.5,18.18,50000,5756.702192,16013.45395,758.7032945,69300,131400,118800,155700,69300,108.7783901,4229.517742,2114.758871,705.368513,3121.637754,,0
1669.1,1.2,1.8,3.34,53335,155826.91,125805.4672,8802.580549,576900,1253700,1155600,596700,315900,555.9725048,12162.42922,6907.96473,2807.861694,19455.26949,,7
1058.8,2.8,2,31.75,53737,84648.90404,22094.54292,970.9817819,320400,629100,498600,102600,18000,673.4986419,2266.77912,1224.925292,,11793.59035,,3
4120.6,1.8,2.2,3.68,55356,53262.4122,60069.05683,151.076406,85500,511200,372600,161100,62100,687.5046863,,,854.1911993,11046.89841,,2
916,2.5,1.4,11.16,76092,73397.38991,32972.57457,7219.469966,2693700,1041300,558000,124200,77400,455.1326476,,,1960.43842,15218.86273,2164.596962,0
723.6,1,1.7,12.77,47351,59213.6729,2240.481431,203.9974444,1044900,393300,281700,20700,0,657.2855855,,,6261.875007,10013.29084,5205.219897,17
1167.7,4.2,1.8,16,39744,113007.7018,26335.9906,3230.72607,805500,982800,660600,87300,15300,851.9084902,,,3806.102314,21024.92962,2405.542401,125
756.6,2.1,1.9,11.19,75162,341422.1097,252034.2057,176434.0753,14615100,3701700,2493000,1385100,1059300,160.1847487,21819.03921,15329.83498,8767.267335,61674.33845,42556.8021,0
2101.2,15.5,1.4,35.17,25847,23950.49322,169364.5123,72453.29397,306900,220500,493200,600300,479700,209.5572117,1948.201006,1948.201006,1422.74669,14008.74127,,0
3643.1,13.8,1.1,45.8,17023,33571.15466,44412.54732,32549.19355,51300,135900,410400,280800,61200,1394.48322,,,3002.454402,9639.606912,100.1120229,250
709.6,21.4,0.9,47.69,18480,21098.66171,41190.38836,1287.080211,490500,449100,417600,146700,40500,336.4598839,,,546.7280243,6427.463207,,145
1563,19.9,1.1,50.76,15291,58913.20272,59572.78246,391.3308435,990900,512100,447300,176400,216900,622.9766583,,,,11777.7789,,233
2826.9,9.9,1.4,34.57,27947,71170.69898,30869.2589,2116.44279,58500,333000,494100,100800,31500,1325.430452,1401.726045,958.0218482,,15499.62037,493.0096569,26
1279.8,1.5,1.7,9.4,41474,46817.25954,2395.502562,0,116100,422100,176400,19800,4500,1016.895417,782.3944466,472.7612491,,7739.392599,,0
4145.3,0,2,0,0,503.8441694,79934.32538,0,74700,93600,111600,117900,146700,9.501026397,,,2354.484709,2729.970759,,0
2296.7,5.8,1.6,7.38,46586,136812.1398,91253.52989,8120.378274,1408500,644400,687600,382500,179100,1074.511189,7580.609149,5287.66826,16.04371016,13730.70506,1159.322049,0
4156.3,10.8,1.4,39.73,28043,50513.45672,50900.56119,580.181171,0,20700,331200,202500,90900,1218.712148,935.634934,935.634934,625.4894485,10538.82636,,53
3239.4,6.2,1.6,33.28,30569,83475.45833,21222.03748,4169.849007,49500,261900,517500,78300,51300,1567.674513,377.2140333,377.2140333,,16025.63843,,27
1410.1,3.8,1.7,23.54,50910,145424.7615,8118.239987,199.2650153,311400,900900,538200,20700,2700,1165.694687,,,,16995.26134,,0
102.5,1.4,2.3,1.9,63643,156383.5502,11565.91589,12278.32157,16536600,1604700,705600,35100,7200,85.24936348,,,,36535.65345,,0
113.1,0,1.5,18.71,69428,50698.76167,3288.812339,3796.436653,6908400,935100,324900,64800,3600,85.19074013,6697.882683,4950.798679,,17472.17698,3221.38943,0
752.4,2.5,2,19.08,58739,148879.2482,25930.60442,5853.924953,1376100,1170900,813600,137700,21600,456.1176321,6812.000522,3406.000261,,19749.15638,474.8649764,0
2858.2,20.3,1,47.84,17791,37860.9106,55133.29188,3267.015891,0,99000,332100,151200,112500,1061.765754,,,1012.458578,9814.382343,,138
1511.7,15.7,1.4,35.24,25728,53488.98398,116447.9079,2152.110877,658800,355500,632700,420300,287100,424.7688509,4591.194655,3267.44466,1478.471591,13376.22654,,3
2629.4,1.6,1.7,16.41,57201,29806.75311,50441.88958,16078.14939,0,8100,81900,235800,239400,1026.299394,3562.648071,2257.932437,1126.765239,5696.530066,818.3717594,34
3025.3,4.3,2,50,30000,552.2625942,135761.5306,1801.893912,13500,86400,143100,318600,342900,8.612810558,5642.429401,3826.119944,2474.216389,4570.713619,2444.972597,29
12995.7,17,0,61.83,10253,42129.76833,26729.08031,0,900,24300,272700,257400,40500,7790.829988,3484.44526,1742.22263,4282.934552,4374.751841,2994.965311,171
3508,0.8,1.7,22.53,37389,112607.9941,86403.11243,9215.607628,333900,525600,728100,263700,191700,956.63644,1710.524847,997.4891321,3457.917216,14696.14523,,0
2924.6,0,1.1,22.09,32316,84211.62406,48510.63729,0,353700,302400,522900,170100,128700,933.9611231,5930.316055,3015.661355,1924.1693,7726.567766,,0
922.8,1.8,1.9,10.31,42712,190259.1271,52982.90957,13636.12656,2700900,2331000,1217700,468900,156600,475.1457602,10705.23398,5916.998922,,23353.62813,10796.41783,0
2459,18.8,0,30.97,19065,50900.77231,74755.50255,51796.58309,42300,288900,641700,434700,617400,476.2600826,1336.57721,1336.57721,1584.139451,12867.21099,278.1297357,78
3395.2,15.6,1.1,32.12,24918,113880.9333,17450.55269,2051.527153,38700,208800,659700,172800,22500,1835.582499,1994.922699,1994.922699,1077.244475,13215.22355,53.8265236,94
9449.4,0,0,0,0,4653.323716,62342.78416,0,0,4500,39600,63900,122400,11.24431853,4091.952882,2468.611202,17.39772975,2567.430455,,317
7246.7,1.7,1.7,16.3,57044,21926.67576,32914.50387,1005.755593,0,0,31500,85500,103500,2884.528358,1836.619945,1380.39488,1279.373553,3525.413354,,70
2392.6,0,0,0,0,0,50780.25595,10318.2033,0,900,18000,102600,183600,0,1737.799008,1371.294323,1032.495089,1788.027666,354.1181611,47
1627.2,0,1.7,16.67,60675,2873.334455,6959.559911,290.1731875,1800,5400,58500,63000,34200,158.0277415,3953.523113,2064.708306,2131.423709,286.486401,,22
6008.3,0,0.9,25,29226,0,6337.932182,0,90900,1800,18000,47700,27000,83.46157791,979.9884148,643.3786508,1246.905455,73.22757116,2304.44082,30
44319.2,0,0,0,0,1114.207821,8223.855505,11538.26084,0,0,0,900,54900,47.02887275,54.61375403,27.30687702,1971.695503,237.4905001,93.90810587,245
92765,0,0.8,25,7500,7885.682606,17099.97841,0,0,0,0,5400,49500,184.7907756,54.61375403,27.30687702,1810.692795,460.0827616,87.93764233,851
60759.9,4.2,0,0,33199,0,30341.74672,4669.456626,0,0,0,16200,68400,3587.426211,273.4591422,246.2609835,1995.891024,757.6648985,125.0020784,793
116330.7,0,0,0,0,0,28926.52011,6282.098913,4500,0,0,20700,74700,0,273.4591422,246.2609835,1145.900337,1368.898718,229.9854584,101
29555.2,6.1,1.2,31.96,27785,5432.25626,24416.8823,2195.009959,0,0,3600,37800,99000,1831.57709,1126.086934,1126.086934,313.8164567,2158.471005,243.5163638,45
47765.7,4.4,0.9,30.93,33036,1452.069279,34167.87297,8420.032395,0,0,4500,36000,152100,3649.527308,701.3547835,701.3547835,1031.124523,3407.78122,587.0900075,198
15433.5,3.9,0.9,31.19,32502,1409.253068,54876.81876,4431.537405,900,0,6300,67500,149400,912.9976136,709.9286685,709.9286685,1283.315776,2211.020857,644.4765903,1
2415.8,2.5,1.7,8.03,63837,168220.1133,39378.47195,8123.417997,9900,713700,658800,153900,45000,1956.700974,1147.766478,999.5319088,750.2802146,24316.71596,172.2258753,77
641.4,0,2.2,2.4,120883,96979.30424,10460.03083,639.9544617,767700,1240200,338400,36000,8100,327.8134458,1794.048002,1794.048002,33.451717,13520.42382,537.8756044,4
1317.4,0.2,1.5,4.65,81261,116238.9736,21976.90479,523.2876709,339300,363600,516600,131400,14400,894.2840694,1274.887886,781.1957246,1252.106311,9922.010928,119.459373,6
5562.7,0,1.5,4.71,84385,4156.238904,9662.800582,4066.070537,117900,24300,46800,67500,24300,857.7787752,2493.308557,1888.384002,32.7955163,1311.99752,2436.90166,67
6013.8,2,1.5,14.29,45873,15686.81446,70802.07643,4253.094392,133200,108900,215100,229500,141300,1191.015376,6553.84052,4474.101119,724.7761141,4863.303645,2575.978289,56
1579.4,4,1.6,13.02,47485,76495.14601,47338.59652,809.2255884,629100,878400,467100,230400,87300,825.4385759,10841.07839,5895.266524,3619.798569,14666.77175,,0
15287.6,6.4,1.9,24.22,35430,16437.21816,41120.11213,0,2700,16200,125100,110700,29700,1632.678307,1123.173534,1123.173534,43.35573338,3896.473542,3319.382329,124
16194.4,6.6,1.3,33.19,24352,37282.54791,20510.37247,299.8018463,0,900,53100,161100,65700,3060.187548,2251.457478,2251.457478,278.2497727,3927.073019,1138.846579,19
997.1,0,0,0,0,0,11891.32896,757.4021061,900,3600,64800,66600,41400,14.44844781,3297.755566,1736.824533,1477.078482,1070.602223,,2
1271.7,0,0,0,0,0,11135.53672,0,1800,1800,21600,41400,23400,0,787.6930057,393.8465029,324.330102,,,0
2398.2,0,0,0,0,2505.718218,11204.95639,121.0288512,209700,23400,80100,72000,27900,0,673.2195279,336.609764,1363.706029,3396.989953,4250.567198,0
18554.2,0,0,0,0,0,64898.60435,0,18900,91800,119700,119700,81900,0,3419.000726,1709.500363,2445.160953,1456.438718,3502.87849,13
8054.2,0,0.9,28.57,31872,1504.677354,7019.93418,4515.662053,0,8100,21600,40500,33300,344.6571738,1563.65023,781.8251149,747.4517046,463.3175931,496.0425969,187
54104,3.8,0.9,30.39,33106,694.8546726,8931.911195,12329.95215,0,0,12600,33300,45000,2340.299009,1907.973343,963.4624311,476.1381361,983.0813279,,93
25974.6,0,0,0,0,2550.686761,6739.259442,10326.20417,0,0,2700,25200,34200,0,1365.076359,682.5381796,411.2494269,326.8449393,,385
7227.3,6.8,1.3,34.78,24439,8274.915939,149836.2704,21106.64748,0,14400,124200,245700,494100,227.6448186,1160.407386,1160.407386,1215.460778,6479.411212,,263
1943.2,10.7,1.1,46.12,29581,63059.73645,38323.01043,3272.801988,357300,523800,440100,150300,65700,816.3530826,756.0219052,756.0219052,2726.952028,16286.7987,271.6781031,1
3240.6,11.9,1,24.39,30750,46107.82296,32686.09738,392.9652651,321300,358200,234000,102600,27000,1607.088928,964.3258196,656.576765,227.7104722,11740.84571,48.36523543,119
17057.8,16.2,0.8,54.24,14759,61691.02271,104291.7081,2688.395939,7200,119700,459900,248400,78300,1389.153566,477.3624536,477.3624536,1680.349909,10675.66762,538.0191572,24
14078.5,3,1.3,15.11,26523,43631.51155,38821.49219,544.7057196,0,11700,208800,196200,78300,1330.151475,669.9530334,649.9433608,1214.675768,7829.329101,,101
5750.4,6.6,1.3,33.5,24829,25879.59403,37133.12157,811.1234087,0,1800,90000,181800,74700,1917.066166,1402.956398,1402.956398,503.8482302,4469.080966,408.2745757,52
5959.4,1.7,1.7,16.24,56755,15589.5053,37291.98934,71.43492892,1800,2700,45000,120600,160200,1146.828668,4045.862298,2152.067644,1666.656939,4676.841629,58.73165729,87
7334.8,4.7,0.9,30.92,32906,12269.32849,13097.45181,6338.487491,104400,16200,61200,142200,40500,2765.256694,1614.172707,1144.598137,2876.678334,2089.400507,3567.376494,366
407,8.2,1.6,20.27,31424,10794.38913,5065.553962,2926.047569,378900,51300,95400,67500,14400,351.3641246,3407.664696,1717.508278,846.7554441,836.622213,2503.665396,10
14619,5.6,1.2,24.24,32455,1379.982978,2409.530443,0,2700,900,2700,40500,8100,1568.972214,,,2283.063279,296.2212887,746.9003269,67
10477.8,7.5,1.5,19.75,30618,5569.711036,19337.82052,0,0,1800,43200,81900,25200,1502.624596,,,1136.61701,1966.551535,657.1520012,15
13757.1,7,1.1,28.04,31453,1899.520156,29942.30477,4565.09115,0,0,2700,69300,65700,1688.154604,579.6548618,579.6548618,346.944997,2267.19176,362.3565491,105
125524.5,7.1,0.9,32,35000,133.2549306,13845.20429,8339.105609,0,0,2700,46800,63000,536.349472,,,1515.043872,2051.161462,582.6436881,463
71769.7,4.7,0.9,32.35,31923,5736.799629,28826.915,369.1017355,1800,0,2700,25200,63900,1350.413789,183.2356681,183.2356681,1068.222985,1861.904218,938.2939864,714
3292.2,6.5,1.8,24.04,34465,13578.45742,58386.81092,271.0598251,22500,36000,100800,142200,91800,733.9942551,117.938811,58.96940549,1745.987242,4500.314782,2842.215368,109
2457.3,6.8,1.5,24.02,31943,89113.20935,54256.30826,5443.040573,73800,475200,445500,276300,80100,785.9362919,5706.86354,4082.49025,114.0491021,17881.59006,445.5288402,39
1159.6,4.6,1.8,12.7,42241,43541.54801,643.3886679,486.8693111,121500,565200,134100,48600,900,926.6005854,3284.121888,1980.783795,,9304.976914,,0
1020.5,3.5,1.4,21.71,33867,95143.27079,25078.32222,1085.049837,1313100,1073700,443700,51300,13500,624.7098735,,,3954.073465,16331.49095,59.66587853,9
1555.4,3.4,2,7.94,55548,89036.81352,11431.98927,180.8112569,131400,734400,400500,36000,5400,1074.169673,2146.447006,2146.447006,,12694.18708,,6
4266.3,3.4,1.5,28.25,31117,111197.8459,84184.28659,4695.597713,17100,27900,481500,329400,133200,1763.401277,2315.206575,2315.206575,1877.565258,15345.02712,668.9107633,19
3141.3,7,0.9,29.81,22604,33947.88465,57663.97904,4561.338288,0,136800,302400,312300,168300,747.564317,7248.213355,4776.19547,,9687.996168,,56
9689.8,17.5,0.8,54.25,15357,0,57399.57942,1528.363595,0,15300,117000,129600,125100,2946.391289,1220.548116,610.2740581,,5639.444419,,86
5603.6,15.3,1.1,46.34,20281,69832.93069,124044.4253,5364.726574,1800,68400,524700,337500,205200,1161.849724,,,,15938.64706,,33
4403.5,13.3,1.4,37.89,28926,38257.93247,48075.39506,1789.225111,900,18000,276300,215100,86400,1054.379641,2574.329968,1486.474834,,9165.738028,,90
4411.1,4.4,1.5,30.87,29307,83362.8734,95265.53825,7997.695385,9900,124200,538200,332100,297000,1002.883916,6682.2439,4668.721983,1176.66842,15053.38204,199.9021222,75
1835,1.1,1.6,5.81,46533,104739.5249,46175.27526,671.7092476,240300,883800,506700,141300,61200,928.2589487,3940.530852,3940.530852,,14204.95159,61.84246016,3
1239.8,7.4,2.2,8.85,53409,124531.3239,29839.41204,1222.299012,567000,933300,646200,213300,77400,817.7993006,7981.904557,5587.960319,,15836.67927,252.5617129,9
558.9,2,0,5.45,174931,123076.9253,23015.23399,635.4230442,2602800,1138500,535500,179100,21600,239.3386554,5438.554854,4803.663673,,13095.03804,2769.101493,18
109.5,0,1.7,0,108967,143947.1815,5422.875399,4055.261302,16532100,1665000,982800,387900,87300,57.46806296,15103.84133,9153.778005,1009.778774,15541.41058,1161.641965,0
399.8,3.2,2.7,2.09,115761,218412.4753,2868.746946,3225.244067,6091200,1393200,719100,21600,14400,280.0629063,,,,28059.60331,,0
3048.1,2.7,1.4,4.7,50742,67226.47518,250572.2733,6827.58436,1072800,531900,450000,576900,652500,292.0694699,2802.721961,1697.18682,3372.861416,15310.48787,,75
6515.1,10.1,1.4,15.6,28081,55783.39466,36966.08768,38.63118427,0,93600,285300,149400,95400,2063.386601,5424.094459,4178.880246,,5048.137583,,59
348.1,3.1,1.5,4.45,55979,100693.3634,10606.48809,515.0720152,3225600,604800,394200,99000,22500,238.4237661,4443.908851,2236.281313,,16632.08191,10742.44261,0
670.3,2.4,1.9,2.99,102516,120573.0469,9508.79348,3179.672365,2153700,594900,429300,144900,60300,871.9205149,387.0622739,193.5311369,,14647.64471,,0
1579.2,3.7,1.7,23.65,50583,153216.0041,7371.842212,274.8841239,17100,1144800,602100,23400,0,1301.05095,,,,19566.25396,,0
5185.4,16.4,1.3,47.19,27250,44084.69077,15180.77253,7911.096873,0,49500,280800,112500,17100,1663.513048,,,581.941205,8420.79406,,3
4723.1,10.8,1.2,35.84,22832,69659.51341,36362.06692,799.2557108,0,10800,261000,234000,56700,1771.707997,2274.865581,2189.506601,1643.7147,8751.802426,,58
1765.1,0,0,0,0,0,305689.134,11274.28701,1271700,497700,627300,656100,440100,0,7048.926856,4177.882897,,6829.135394,8081.385655,9
1121.7,0,0,0,0,2019.282043,159194.1289,849.5479987,1432800,430200,482400,369900,228600,0,4837.368119,4434.867612,,4352.618725,5419.237221,17
724,5.3,1.6,28.33,35785,104652.2569,11643.21172,906.2643282,1903500,1062900,431100,97200,31500,471.7483938,,,5223.058811,14034.57412,,10
3618,6.6,1.5,7.06,38579,28608.19631,237241.0127,52129.53095,22500,195300,609300,735300,342000,214.5307602,3150.079267,3150.079267,,15031.48874,,18
2059.6,6.7,1.4,28.57,35000,6013.434054,38909.09964,3202.604175,0,414900,115200,84600,72900,135.8064377,1443.886584,1443.886584,1533.588463,4487.190108,4978.417348,22
3966,14.7,1,30.18,26544,78052.78654,32662.94495,2313.968806,0,104400,385200,257400,30600,1941.529007,666.2476263,666.2476263,1946.332856,12053.20154,1302.293844,16
1608.5,10.1,1.7,17,55850,104926.9936,7039.492742,272.7414213,72000,804600,434700,9000,0,1060.203896,,,,13631.25574,76.9720928,0
3494.6,4.5,0,16.07,53933,159098.4207,66440.86817,1141.376641,59400,1001700,880200,235800,121500,956.3961646,5933.586045,4572.662848,,18274.0701,,31
448.4,1.4,1.3,18.63,35758,102744.3253,9557.327716,2295.579233,4750200,888300,331200,55800,3600,431.330983,2623.330048,2623.330048,,15286.32874,14.41306179,0
770,8.8,1.6,18.34,41005,85220.95233,24103.4349,578.3770962,1425600,858600,522900,119700,40500,448.940255,12077.12736,7115.58781,2805.633093,11545.25531,2813.252283,0
1586.1,0,1.7,9.94,45822,88978.02194,14926.21198,410.2881161,36000,670500,339300,63900,10800,1281.299413,2605.687182,2605.687182,17.19919562,12559.26247,1906.211644,0
1613.5,1.1,1.7,4.6,45101,53188.13772,4081.263119,0,183600,288900,231300,77400,2700,1443.032781,1044.161846,522.0809228,,6394.644767,1320.535313,0
174.2,5.8,1.8,9.63,54727,131364.5877,4352.260884,693.7286321,8673300,955800,542700,43200,1800,125.6386859,9128.232447,4564.116223,203.3197777,21668.49704,165.7470932,0
1985.9,1.2,1.7,11.37,66021,178753.8893,12125.16167,846.5114978,36000,879300,578700,117900,4500,2159.726607,2150.191648,2150.191648,551.0163886,21206.07392,296.1930964,5
1218.2,6.2,1.9,21.57,49739,160753.9085,18691.9588,428.216757,474300,1612800,473400,79200,9000,1018.800322,2410.169132,2410.169132,,24473.26571,14.03927839,14
1390.1,5.7,1.4,18.55,33115,138657.7116,41929.70006,943.166995,463500,1396800,561600,178200,62100,939.6348302,4265.451547,4213.809787,13.17239586,21736.52582,4205.567187,0
1695,0.7,1.6,12.62,34180,127846.9791,39919.40607,2340.218902,439200,1345500,710100,187200,61200,1143.458177,8863.432887,4824.39437,1524.858507,20168.35171,639.3514649,0
654.7,2.1,1.6,36.01,42875,57556.92016,29749.99564,2620.110442,851400,606600,329400,111600,17100,665.6006932,845.9656632,634.3065526,,13692.35531,4659.234834,0
874,1.7,2.3,5.75,126335,225839.8352,12264.08952,311.6504099,1487700,1884600,210600,33300,2700,583.010185,3420.220896,3420.220896,,29253.43449,3885.446872,0
1402.5,4.2,1.6,2.99,83840,131936.455,36013.97212,462.5110381,1595700,1303200,273600,69300,3600,748.933254,1489.040373,1489.040373,,19439.23021,11020.22641,0
263.8,6.2,1.7,23.17,46973,36803.27606,109148.8959,2578.713703,6832800,780300,585000,372600,226800,75.59623637,12038.85841,12038.85841,,5974.836477,6831.69733,0
332.9,0.7,2.5,0,118623,138086.653,18363.02511,4625.541838,4854600,1400400,557100,140400,36000,163.6907734,2600.332694,1300.166347,,24179.60168,,0
473.4,1.4,0,0,103533,314922.4385,31576.78249,2725.641039,5382000,2014200,1062000,468900,53100,253.8288095,3073.512714,1536.756357,,36099.97724,,0
116.6,1,0,2.88,93002,68214.40965,2182.565372,5152.523475,4754700,828900,218700,15300,2700,125.1052329,,,,16130.66108,11626.79736,0
400.9,5.8,1.9,5.6,76940,190472.8871,19133.08901,8281.157632,7874100,1755000,889200,186300,69300,219.3109322,8041.81753,5488.248972,,24279.55601,,0
244.3,1.4,0,0.84,79679,158609.2548,829.2043403,3727.285724,4084200,1917000,444600,81000,1800,229.6708315,,,,24758.1032,,0
600.3,0,1.4,17.43,37447,122265.8286,4579.548454,2972.0473,1853100,1242000,668700,86400,24300,519.2783937,4015.749415,2007.874707,,20875.02688,,0
652.7,9,0,7.54,54702,110471.6801,47051.53513,4615.742665,4009500,862200,641700,203400,50400,278.4145769,7485.335387,4708.640244,,15709.71038,,0
833.6,2.3,0,27.94,32398,16282.64685,101378.7295,8307.34812,999900,734400,960300,765900,602100,59.23141976,1408.730185,1408.730185,821.2964796,11925.40003,729.1854599,39
4979.9,1,1.4,15.03,44748,64336.65832,62380.04913,5574.217036,305100,348300,374400,160200,104400,984.4812494,2010.440957,2010.440957,29.03352025,15460.96334,8030.78812,33
1956.1,5.2,1.5,16.03,34219,117990.038,20889.6988,876.5401501,196200,812700,482400,69300,42300,1494.270657,1725.632382,1317.138423,3261.799598,16838.73096,566.307777,6
2231,2.1,0,0,63126,88958.22424,23999.74236,371.0522193,1800,225000,613800,136800,24300,1358.616886,4099.234472,2694.078822,3001.909394,11483.44975,46.40068148,18
3076.1,5.4,1.4,18.68,37237,60947.60072,22486.94833,0,0,166500,378900,130500,49500,1991.791554,3709.267619,2278.325262,2930.640128,6679.449665,,5
2283.9,4.7,1.5,19.02,41089,36778.53122,20110.15688,0,19800,485100,151200,40500,31500,1188.475778,568.3380948,568.3380948,852.5979063,8109.460462,55.80165457,35
1883.4,0.4,0,4.09,45861,101945.4784,2352.273062,893.2886103,82800,691200,389700,14400,2700,1414.985178,,,2172.777774,15265.42702,,20
3416.5,1.6,1.5,15.34,41731,53784.74545,57268.19642,2346.248488,128700,718200,486900,291600,107100,1169.2579,3542.495056,2088.094266,3488.848644,8744.951301,,17
3984.3,3,1.5,19.91,35676,41388.71591,88896.09524,22158.14924,900,217800,476100,350100,212400,750.781836,5378.864128,3596.57911,1550.388873,8622.070231,,53
4432.1,1.7,1.6,19.66,37868,113050.3436,131035.0419,3335.745997,337500,582300,691200,437400,235800,1374.544802,4750.97538,3682.383119,2975.425485,15749.82984,,45
906.1,2.8,1.8,14.83,45297,179167.9813,24945.22264,947.7169985,1699200,1438200,635400,171900,50400,600.5084975,1144.201892,1144.201892,,24695.00374,53.58490995,7
2710.3,2.9,1.8,16.24,42077,189340.8196,49775.66548,849.0468811,0,726300,1006200,298800,86400,1585.716095,5630.192183,4097.070367,1029.168656,21178.67409,66.60576294,8
1502.1,6.6,1.8,13.36,40000,53395.2956,5605.065043,458.919413,86400,512100,216000,28800,12600,878.3502672,,,4402.810849,6458.040465,,3
1681.9,6.4,0,9.66,43683,105166.8123,18885.61214,690.5957942,83700,502200,466200,50400,7200,1207.708789,,,1729.92074,12150.32992,,0
2558.4,7.5,0,31.75,34042,48275.07256,201.9113656,229.6293907,0,277200,195300,5400,0,1808.655699,,,462.0373485,7287.424074,,0
1869.4,2.5,1.6,19.24,48304,66333.26322,12503.67183,395.6582968,15300,513900,309600,48600,26100,1645.248539,1034.284147,991.7736139,3012.990853,8194.378313,19.55486912,17
2546.3,6,1.2,36.71,22509,8080.490458,22956.06465,3395.503447,0,35100,95400,127800,90000,607.1311732,767.4271496,767.4271496,855.3454691,2533.681137,,36
