OBJECTID,STATEFP10,COUNTYFP10,MPOCE10,TADCE10,TAZCE10,GEOID10,MTFCC10,FUNCSTAT10,ALAND10,AWATER10,INTPTLAT10,INTPTLON10,aggregationMethod,HasData,ORIGINAL_OID,sourceCountry,householdincome_avghinc_cy,householdtotals_tothh_cy,vehiclesavailable_acsaggveh,populationtotals_dpop_cy,populationtotals_dpopwrk_cy,populationtotals_dpopres_cy,populationtotals_dpopdenscy,industry_unemprt_cy,vehiclesavailable_acsavgveh,Shape_Area_sqmi,Shape_Area_sqmi1,aggregationMethod_1,HasData_1,ORIGINAL_OID_1,sourceCountry_1,atrisk_acshhbpov,atrisk_acshhbpov_p,aggregationMethod_12,HasData_12,ORIGINAL_OID_12,sourceCountry_12,populationtotals_totpop_cy,total_population_density,aggregationMethod_12_13,HasData_12_13,ORIGINAL_OID_12_13,sourceCountry_12_13,householdincome_medhinc_cy,householdincome_medhinc_cy_i,Shape_Length,Shape_Area
1,47,065,47197703,00000050,00001530,4706500001530,G6320,S,1471114,0,+35.0712368,-085.1836969,,,,,44245,50,131,1800,1733,67,3169,3.2,2,0.56799803,0.56799803,BlockApportionment:US.BlockGroups,1,1,US,14,21.21,BlockApportionment:US.BlockGroups,1,1,US,127,873555.5297,BlockApportionment:US.BlockGroups,1,1,US,30290,50,0.066397817,0.000145383
2,47,065,47197703,00000030,00001540,4706500001540,G6320,S,941730,0,+35.0739529,-085.2034611,,,,,45100,66,71,1047,958,89,2879.5,1.6,1.4,0.363602172,0.363602172,BlockApportionment:US.BlockGroups,1,2,US,14,28,BlockApportionment:US.BlockGroups,1,2,US,149,1600955.384,BlockApportionment:US.BlockGroups,1,2,US,37570,62,0.054137066,9.30694E-05
3,47,065,47197703,00000030,00001350,4706500001350,G6320,S,3162961,0,+35.0598564,-085.2089794,,,,,44806,273,291,1937,1527,410,1586.1,0.7,1.4,1.221222338,1.221222338,BlockApportionment:US.BlockGroups,1,3,US,56,27.32,BlockApportionment:US.BlockGroups,1,3,US,682,2182140.542,BlockApportionment:US.BlockGroups,1,3,US,37659,62,0.098664873,0.000312537
4,47,065,47197703,00000030,00001510,4706500001510,G6320,S,513656,0,+35.0583981,-085.1952735,,,,,0,0,0,1338,1338,0,6747.4,0,0,0.198323024,0.198323024,BlockApportionment:US.BlockGroups,1,4,US,0,0,BlockApportionment:US.BlockGroups,1,4,US,0,0,BlockApportionment:US.BlockGroups,1,4,US,0,0,0.032899034,5.07543E-05
5,47,065,47197703,00000030,00001360,4706500001360,G6320,S,2591809,0,+35.0479046,-085.1971298,,,,,46752,105,77,2111,1949,162,2109.5,3.1,1.5,1.000698415,1.000698415,BlockApportionment:US.BlockGroups,1,5,US,6,11.76,BlockApportionment:US.BlockGroups,1,5,US,316,1234068.795,BlockApportionment:US.BlockGroups,1,5,US,37141,61,0.07989726,0.000256064
6,47,065,47197703,00000080,00000640,4706500000640,G6320,S,7803817,2043456,+35.0498684,-085.3343946,,,,,65534,207,537,1728,1523,205,454.5,4.1,1.6,3.802037996,3.802037996,BlockApportionment:US.BlockGroups,1,6,US,43,12.95,BlockApportionment:US.BlockGroups,1,6,US,504,518039.7723,BlockApportionment:US.BlockGroups,1,6,US,47411,78,0.210507255,0.000972898
7,47,065,47197703,00000010,00000130,4706500000130,G6320,S,1104888,624987,+35.0332174,-085.3239202,,,,,0,0,0,1263,1263,0,1891,0,0,0.667905139,0.667905139,BlockApportionment:US.BlockGroups,1,7,US,0,0,BlockApportionment:US.BlockGroups,1,7,US,0,0,BlockApportionment:US.BlockGroups,1,7,US,0,0,0.088554535,0.000170884
8,47,065,47197703,00000020,00000370,4706500000370,G6320,S,1790532,0,+35.0252960,-085.3161659,,,,,14518,187,0,1114,901,213,1611.5,0,0,0.691325746,0.691325746,BlockApportionment:US.BlockGroups,1,8,US,139,67.15,BlockApportionment:US.BlockGroups,1,8,US,321,1815080.121,BlockApportionment:US.BlockGroups,1,8,US,10389,17,0.077205078,0.000176852
9,47,065,47197703,00000020,00000870,4706500000870,G6320,S,2153492,0,+35.0064296,-085.3354165,,,,,57862,156,217,972,811,161,1169,1.1,1.7,0.831463403,0.831463403,BlockApportionment:US.BlockGroups,1,9,US,16,12.4,BlockApportionment:US.BlockGroups,1,9,US,342,1608254.771,BlockApportionment:US.BlockGroups,1,9,US,46820,77,0.094794018,0.000212653
10,47,065,47197703,00000020,00000920,4706500000920,G6320,S,1800967,0,+35.0175822,-085.3178155,,,,,22444,67,79,1403,1271,132,2017.5,1.5,1.2,0.695353938,0.695353938,BlockApportionment:US.BlockGroups,1,10,US,30,44.78,BlockApportionment:US.BlockGroups,1,10,US,200,1124443.949,BlockApportionment:US.BlockGroups,1,10,US,15753,26,0.065672783,0.000177866
11,47,065,47197703,00000010,00000490,4706500000490,G6320,S,654558,0,+35.0393366,-085.2759327,,,,,33684,351,387,1567,1158,409,6201,6.2,1.1,0.252724589,0.252724589,BlockApportionment:US.BlockGroups,1,11,US,137,37.95,BlockApportionment:US.BlockGroups,1,11,US,813,12573126.31,BlockApportionment:US.BlockGroups,1,11,US,20468,34,0.034487518,6.46617E-05
12,47,065,47197703,00000010,00000480,4706500000480,G6320,S,332679,0,+35.0356582,-085.2780433,,,,,49452,312,353,674,348,326,5249.2,5,1.6,0.128448616,0.128448616,BlockApportionment:US.BlockGroups,1,12,US,73,32.3,BlockApportionment:US.BlockGroups,1,12,US,802,24404188.44,BlockApportionment:US.BlockGroups,1,12,US,31219,52,0.029157937,3.28632E-05
13,47,065,47197703,00000030,00001390,4706500001390,G6320,S,1443026,0,+35.0158116,-085.2193015,,,,,48922,471,826,1261,631,630,2263.1,6.4,1.7,0.557153767,0.557153767,BlockApportionment:US.BlockGroups,1,13,US,69,13.83,BlockApportionment:US.BlockGroups,1,13,US,1203,8441381.422,BlockApportionment:US.BlockGroups,1,13,US,35152,58,0.049128216,0.000142512
14,47,065,47197703,00000030,00001450,4706500001450,G6320,S,1271780,0,+35.0089449,-085.2110526,,,,,50142,78,97,3451,3344,107,7028.5,5.1,1.3,0.491035949,0.491035949,BlockApportionment:US.BlockGroups,1,14,US,13,18.06,BlockApportionment:US.BlockGroups,1,14,US,237,1887095.297,BlockApportionment:US.BlockGroups,1,14,US,37121,61,0.049409463,0.00012559
15,47,065,47197703,00000050,00001170,4706500001170,G6320,S,2382144,1010863,+35.0958357,-085.2149270,,,,,102409,331,702,585,158,427,446.6,5.2,2.3,1.310041927,1.310041927,BlockApportionment:US.BlockGroups,1,15,US,7,2.27,BlockApportionment:US.BlockGroups,1,15,US,787,2346373.082,BlockApportionment:US.BlockGroups,1,15,US,65534,108,0.096302298,0.000335411
16,47,065,47197703,00000030,00001160,4706500001160,G6320,S,2919291,89871,+35.0896219,-085.2256950,,,,,102537,94,199,1358,1240,118,1168.9,4.7,2.3,1.161837272,1.161837272,BlockApportionment:US.BlockGroups,1,16,US,2,2.27,BlockApportionment:US.BlockGroups,1,16,US,219,736261.394,BlockApportionment:US.BlockGroups,1,16,US,65340,108,0.099909519,0.000297449
17,47,065,47197703,00000030,00001150,4706500001150,G6320,S,2101277,0,+35.0816232,-085.2347774,,,,,47331,506,702,787,69,718,970,4.6,1.7,0.811304785,0.811304785,BlockApportionment:US.BlockGroups,1,17,US,133,31.37,BlockApportionment:US.BlockGroups,1,17,US,1303,6273930.67,BlockApportionment:US.BlockGroups,1,17,US,36262,60,0.090707629,0.000207685
18,47,065,47197703,00000030,00003000,4706500003000,G6320,S,1803274,0,+35.0722969,-085.2468655,,,,,41005,930,1308,1986,497,1489,2852.6,5.5,1.4,0.696243752,0.696243752,BlockApportionment:US.BlockGroups,1,18,US,356,38.03,BlockApportionment:US.BlockGroups,1,18,US,2558,14353813.99,BlockApportionment:US.BlockGroups,1,18,US,30051,50,0.067731093,0.00017821
19,47,065,47197703,00000030,00001180,4706500001180,G6320,S,2082178,0,+35.0741243,-085.2153274,,,,,44840,362,386,685,145,540,852.1,0.8,1.4,0.803930418,0.803930418,BlockApportionment:US.BlockGroups,1,19,US,74,27.11,BlockApportionment:US.BlockGroups,1,19,US,909,4417371.819,BlockApportionment:US.BlockGroups,1,19,US,37658,62,0.061477515,0.000205778
20,47,065,47197703,00000040,00002130,4706500002130,G6320,S,3674236,4253,+34.9971468,-085.1633645,,,,,102644,732,1332,910,162,748,640.7,2,1.8,1.420265587,1.420265587,BlockApportionment:US.BlockGroups,1,20,US,121,16.78,BlockApportionment:US.BlockGroups,1,20,US,1686,4642257.508,BlockApportionment:US.BlockGroups,1,20,US,64524,107,0.090603647,0.000363185
21,47,065,47197703,00000070,00002740,4706500002740,G6320,S,17580757,0,+35.0997667,-085.0344192,,,,,104964,835,1587,2411,1148,1263,355.2,2.3,2,6.787939636,6.787939636,BlockApportionment:US.BlockGroups,1,21,US,69,8.6,BlockApportionment:US.BlockGroups,1,21,US,2231,1283648.253,BlockApportionment:US.BlockGroups,1,21,US,64776,107,0.169588328,0.001738015
22,47,065,47197703,00000070,00002520,4706500002520,G6320,S,5200388,0,+35.0733295,-085.0748286,,,,,83057,880,1354,2404,1466,938,1197.3,0.5,1.9,2.007874567,2.007874567,BlockApportionment:US.BlockGroups,1,22,US,110,15.8,BlockApportionment:US.BlockGroups,1,22,US,2173,4228105.682,BlockApportionment:US.BlockGroups,1,22,US,76771,127,0.110555426,0.000513942
23,47,065,47197703,00000060,00002090,4706500002090,G6320,S,2334923,0,+35.0179587,-085.1527272,,,,,75651,503,1001,2352,1868,484,2609,0.3,1.8,0.90151473,0.90151473,BlockApportionment:US.BlockGroups,1,23,US,0,0,BlockApportionment:US.BlockGroups,1,23,US,1109,4809173.988,BlockApportionment:US.BlockGroups,1,23,US,59728,99,0.063674859,0.000230601
24,47,065,47197703,00000060,00002160,4706500002160,G6320,S,3323996,0,+35.0100539,-085.1388870,,,,,83847,781,937,1334,399,935,1039.4,7.9,1.8,1.283396843,1.283396843,BlockApportionment:US.BlockGroups,1,24,US,69,13.35,BlockApportionment:US.BlockGroups,1,24,US,1912,5824785.168,BlockApportionment:US.BlockGroups,1,24,US,55435,92,0.077953628,0.000328252
25,47,065,47197703,00000040,00002120,4706500002120,G6320,S,2168728,0,+35.0053370,-085.1592811,,,,,73275,1359,1710,1494,681,813,1784.3,0.7,1.5,0.837347377,0.837347377,BlockApportionment:US.BlockGroups,1,25,US,38,3.41,BlockApportionment:US.BlockGroups,1,25,US,2636,12308845.59,BlockApportionment:US.BlockGroups,1,25,US,53785,89,0.063007852,0.000214155
26,47,065,47197703,00000060,00002080,4706500002080,G6320,S,2600394,0,+35.0306646,-085.1457513,,,,,73817,1220,1745,3402,2373,1029,3388.4,2.8,1.6,1.004013466,1.004013466,BlockApportionment:US.BlockGroups,1,26,US,251,23.68,BlockApportionment:US.BlockGroups,1,26,US,2465,9596721.091,BlockApportionment:US.BlockGroups,1,26,US,57028,94,0.065860016,0.000256859
27,47,065,47197703,00000060,00002180,4706500002180,G6320,S,2233567,0,+35.0248488,-085.1311381,,,,,103309,727,1303,1132,35,1097,1312.6,1.2,2,0.862381314,0.862381314,BlockApportionment:US.BlockGroups,1,27,US,0,0,BlockApportionment:US.BlockGroups,1,27,US,2092,9482834.533,BlockApportionment:US.BlockGroups,1,27,US,92032,152,0.057966544,0.000220609
28,47,065,47197703,00000060,00002170,4706500002170,G6320,S,2459951,0,+35.0140135,-085.1213508,,,,,85575,436,734,623,95,528,655.9,2.9,1.9,0.949788745,0.949788745,BlockApportionment:US.BlockGroups,1,28,US,8,2.07,BlockApportionment:US.BlockGroups,1,28,US,1151,4737842.791,BlockApportionment:US.BlockGroups,1,28,US,70957,117,0.073554912,0.000242938
29,47,065,47197703,00000070,00002200,4706500002200,G6320,S,3814790,0,+35.0549795,-085.1200057,,,,,120275,776,1522,2404,1237,1167,1632.2,0.8,2,1.472892956,1.472892956,BlockApportionment:US.BlockGroups,1,29,US,19,2.45,BlockApportionment:US.BlockGroups,1,29,US,1753,4650817.342,BlockApportionment:US.BlockGroups,1,29,US,70713,117,0.087309712,0.000376923
30,47,065,47197703,00000070,00002540,4706500002540,G6320,S,3169161,0,+35.0590307,-085.1070367,,,,,54486,399,587,805,144,661,657.9,0,1.8,1.223615775,1.223615775,BlockApportionment:US.BlockGroups,1,30,US,82,24.62,BlockApportionment:US.BlockGroups,1,30,US,1102,3519118.722,BlockApportionment:US.BlockGroups,1,30,US,52172,86,0.095767784,0.000313147
31,47,065,47197703,00000070,00002560,4706500002560,G6320,S,1770553,0,+35.0554684,-085.0760687,,,,,109888,495,531,1575,784,791,2304,2.4,1.4,0.683611171,0.683611171,BlockApportionment:US.BlockGroups,1,31,US,43,11.08,BlockApportionment:US.BlockGroups,1,31,US,1230,7030916.88,BlockApportionment:US.BlockGroups,1,31,US,76018,126,0.055783249,0.000174942
32,47,065,47197703,00000070,00002530,4706500002530,G6320,S,1928491,0,+35.0753578,-085.0966475,,,,,88345,326,1089,529,143,386,710.4,0,2.1,0.744590423,0.744590423,BlockApportionment:US.BlockGroups,1,32,US,52,10.16,BlockApportionment:US.BlockGroups,1,32,US,945,4958227.519,BlockApportionment:US.BlockGroups,1,32,US,82454,136,0.100970816,0.000190592
33,47,065,47197703,00000090,00002220,4706500002220,G6320,S,13620840,0,+35.0922472,-085.1038008,,,,,90659,889,0,2081,908,1173,395.7,2.8,0,5.259002403,5.259002403,BlockApportionment:US.BlockGroups,1,33,US,18,2.36,BlockApportionment:US.BlockGroups,1,33,US,2562,1902828.009,BlockApportionment:US.BlockGroups,1,33,US,76127,126,0.201872062,0.001346417
34,47,065,47197703,00000030,00000610,4706500000610,G6320,S,2634706,0,+35.0847621,-085.2559244,,,,,44059,3,7,2360,2353,7,2319.9,0,1.4,1.017261308,1.017261308,BlockApportionment:US.BlockGroups,1,34,US,0,0,BlockApportionment:US.BlockGroups,1,34,US,15,57599.89065,BlockApportionment:US.BlockGroups,1,34,US,42500,70,0.091368134,0.000260417
35,47,065,47197703,00000010,00000290,4706500000290,G6320,S,1715306,0,+35.0511954,-085.2825760,,,,,30335,114,93,18598,18363,235,28080.9,18.8,0.9,0.662280728,0.662280728,BlockApportionment:US.BlockGroups,1,35,US,37,35.92,BlockApportionment:US.BlockGroups,1,35,US,340,2006204.123,BlockApportionment:US.BlockGroups,1,35,US,24661,41,0.07100092,0.000169474
36,47,065,47197703,00000110,00002310,4706500002310,G6320,S,4096277,0,+35.1749938,-085.1914013,,,,,96930,670,1349,1018,147,871,643.7,4.9,2,1.581575566,1.581575566,BlockApportionment:US.BlockGroups,1,36,US,24,3.57,BlockApportionment:US.BlockGroups,1,36,US,1709,4216406.361,BlockApportionment:US.BlockGroups,1,36,US,81301,134,0.088214417,0.000405321
37,47,065,47197703,00000110,00001930,4706500001930,G6320,S,3348107,0,+35.1592418,-085.2049110,,,,,121781,1059,0,1599,212,1387,1236.9,0,0,1.2927047,1.2927047,BlockApportionment:US.BlockGroups,1,37,US,0,0,BlockApportionment:US.BlockGroups,1,37,US,2614,7891857.133,BlockApportionment:US.BlockGroups,1,37,US,93323,154,0.075897357,0.000331227
38,47,065,47197703,00000040,00002110,4706500002110,G6320,S,2789655,0,+35.0085809,-085.1753186,,,,,100404,886,1398,1080,173,907,1002.7,4.8,1.9,1.077087138,1.077087138,BlockApportionment:US.BlockGroups,1,38,US,24,3.31,BlockApportionment:US.BlockGroups,1,38,US,2073,7525045.503,BlockApportionment:US.BlockGroups,1,38,US,61337,101,0.094329601,0.00027548
39,47,065,47197703,00000040,00002100,4706500002100,G6320,S,2337404,0,+35.0233566,-085.1690841,,,,,78017,935,1814,2248,1356,892,2490.9,3,1.8,0.902473499,0.902473499,BlockApportionment:US.BlockGroups,1,39,US,56,5.51,BlockApportionment:US.BlockGroups,1,39,US,2038,8827817.318,BlockApportionment:US.BlockGroups,1,39,US,55207,91,0.067593078,0.000230861
40,47,065,47197703,00000050,00001520,4706500001520,G6320,S,2474066,0,+35.0618041,-085.1856191,,,,,75676,125,211,2810,2657,153,2941.8,2.4,1.7,0.955238753,0.955238753,BlockApportionment:US.BlockGroups,1,40,US,8,6.45,BlockApportionment:US.BlockGroups,1,40,US,276,1128963.908,BlockApportionment:US.BlockGroups,1,40,US,55715,92,0.063963383,0.000244472
41,47,065,47197703,00000050,00001500,4706500001500,G6320,S,753395,0,+35.0491213,-085.1851760,,,,,47078,32,40,1929,1898,31,6631.1,0,1.2,0.290886183,0.290886183,BlockApportionment:US.BlockGroups,1,41,US,4,12.5,BlockApportionment:US.BlockGroups,1,41,US,73,980728.772,BlockApportionment:US.BlockGroups,1,41,US,37752,62,0.036543741,7.44344E-05
42,47,065,47197703,00000050,00001480,4706500001480,G6320,S,1839722,0,+35.0360821,-085.1694628,,,,,145332,497,917,1558,1202,356,2193.4,0,2.1,0.710318214,0.710318214,BlockApportionment:US.BlockGroups,1,42,US,49,11.37,BlockApportionment:US.BlockGroups,1,42,US,976,5370492.118,BlockApportionment:US.BlockGroups,1,42,US,91345,151,0.063329943,0.000181734
43,47,065,47197703,00000050,00002000,4706500002000,G6320,S,2974581,0,+35.0575532,-085.1684916,,,,,75975,768,1300,1390,487,903,1210.3,2.3,1.7,1.148487708,1.148487708,BlockApportionment:US.BlockGroups,1,43,US,46,6.02,BlockApportionment:US.BlockGroups,1,43,US,1612,5484585.351,BlockApportionment:US.BlockGroups,1,43,US,55649,92,0.071939918,0.000293915
44,47,065,47197703,00000060,00002050,4706500002050,G6320,S,2468462,0,+35.0436600,-085.1385384,,,,,87950,1251,1494,1902,511,1391,1995.6,3.6,1.4,0.953075061,0.953075061,BlockApportionment:US.BlockGroups,1,44,US,162,15.52,BlockApportionment:US.BlockGroups,1,44,US,2610,10702643.6,BlockApportionment:US.BlockGroups,1,44,US,57829,96,0.060913032,0.000243865
45,47,065,47197703,00000050,00002030,4706500002030,G6320,S,640765,0,+35.0475349,-085.1539542,,,,,48115,403,368,1610,1223,387,6507.7,1,1.1,0.247399344,0.247399344,BlockApportionment:US.BlockGroups,1,45,US,37,11.38,BlockApportionment:US.BlockGroups,1,45,US,790,12479178.05,BlockApportionment:US.BlockGroups,1,45,US,40463,67,0.039486077,6.33055E-05
46,47,065,47197703,00000050,00002020,4706500002020,G6320,S,875847,0,+35.0506654,-085.1592425,,,,,48115,582,343,1471,899,572,4349.5,1,1.1,0.338165297,0.338165297,BlockApportionment:US.BlockGroups,1,46,US,34,11.22,BlockApportionment:US.BlockGroups,1,46,US,1165,13462880,BlockApportionment:US.BlockGroups,1,46,US,40341,67,0.041666684,8.65342E-05
47,47,065,47197703,00000060,00002190,4706500002190,G6320,S,3377616,0,+35.0347576,-085.1196137,,,,,104006,822,1774,1483,350,1133,1137.2,1.9,2.1,1.304099383,1.304099383,BlockApportionment:US.BlockGroups,1,47,US,49,5.9,BlockApportionment:US.BlockGroups,1,47,US,2376,7121309.732,BlockApportionment:US.BlockGroups,1,47,US,79400,131,0.07637225,0.000333646
48,47,065,47197703,00000070,00002060,4706500002060,G6320,S,861654,0,+35.0535298,-085.1317067,,,,,121132,49,73,1535,1113,422,4613.8,1.8,1.7,0.332684871,0.332684871,BlockApportionment:US.BlockGroups,1,48,US,0,0,BlockApportionment:US.BlockGroups,1,48,US,1474,17313726.81,BlockApportionment:US.BlockGroups,1,48,US,71980,119,0.044772946,8.51348E-05
49,47,065,47197703,00000050,00001580,4706500001580,G6320,S,1576302,0,+35.0973998,-085.1805366,,,,,48757,558,802,1121,563,558,1841.9,3.8,1.4,0.608611291,0.608611291,BlockApportionment:US.BlockGroups,1,49,US,39,6.94,BlockApportionment:US.BlockGroups,1,49,US,1085,6962842.388,BlockApportionment:US.BlockGroups,1,49,US,35000,58,0.068835798,0.000155827
50,47,065,47197703,00000110,00001940,4706500001940,G6320,S,10957347,2756009,+35.1593168,-085.1670552,,,,,133319,950,2153,1534,231,1303,289.7,3.9,2.1,5.294734756,5.294734756,BlockApportionment:US.BlockGroups,1,50,US,60,5.96,BlockApportionment:US.BlockGroups,1,50,US,2578,1900273.495,BlockApportionment:US.BlockGroups,1,50,US,102836,170,0.174323568,0.001356647
51,47,065,47197703,00000110,00002320,4706500002320,G6320,S,1877985,0,+35.1801566,-085.2056209,,,,,96845,589,1185,1062,239,823,1464.6,4.9,2,0.725090065,0.725090065,BlockApportionment:US.BlockGroups,1,51,US,22,3.72,BlockApportionment:US.BlockGroups,1,51,US,1610,8663575.768,BlockApportionment:US.BlockGroups,1,51,US,81212,134,0.064541878,0.000185836
52,47,065,47197703,00000110,00001910,4706500001910,G6320,S,4164098,0,+35.1409407,-085.2112368,,,,,78827,549,694,1190,532,658,740.1,2.8,1.4,1.607760096,1.607760096,BlockApportionment:US.BlockGroups,1,52,US,23,4.8,BlockApportionment:US.BlockGroups,1,52,US,1215,2950012.891,BlockApportionment:US.BlockGroups,1,52,US,50720,84,0.116416831,0.000411863
53,47,065,47197703,00000080,00000700,4706500000700,G6320,S,959784,0,+35.0822537,-085.2999918,,,,,75397,362,471,417,193,224,1125.2,0.4,1.7,0.370573367,0.370573367,BlockApportionment:US.BlockGroups,1,53,US,63,22.83,BlockApportionment:US.BlockGroups,1,53,US,774,8159110.139,BlockApportionment:US.BlockGroups,1,53,US,54085,89,0.061467809,9.48633E-05
54,47,065,47197703,00000080,00000790,4706500000790,G6320,S,2139153,0,+35.1115304,-085.2999315,,,,,53753,936,1490,1483,455,1028,1795.6,1.4,1.5,0.825929523,0.825929523,BlockApportionment:US.BlockGroups,1,54,US,160,16.51,BlockApportionment:US.BlockGroups,1,54,US,2088,9872119.354,BlockApportionment:US.BlockGroups,1,54,US,39659,66,0.066138859,0.000211505
55,47,065,47197703,00000080,00000800,4706500000800,G6320,S,1746824,0,+35.1192622,-085.3088011,,,,,85342,402,783,1165,675,490,1727.2,2.3,2,0.674450917,0.674450917,BlockApportionment:US.BlockGroups,1,55,US,25,6.36,BlockApportionment:US.BlockGroups,1,55,US,940,5442017.424,BlockApportionment:US.BlockGroups,1,55,US,51769,86,0.067517937,0.00017273
56,47,065,47197703,00000030,00001300,4706500001300,G6320,S,796099,0,+35.0181194,-085.2326032,,,,,54809,449,0,866,390,476,2817.2,5.3,0,0.30737409,0.30737409,BlockApportionment:US.BlockGroups,1,56,US,100,22.78,BlockApportionment:US.BlockGroups,1,56,US,1006,12795040.3,BlockApportionment:US.BlockGroups,1,56,US,38451,64,0.041168115,7.86242E-05
57,47,065,47197703,00000030,00001340,4706500001340,G6320,S,3070048,0,+35.0353630,-085.2150755,,,,,49952,447,901,975,491,484,822.6,2.9,1.9,1.185348052,1.185348052,BlockApportionment:US.BlockGroups,1,57,US,45,9.7,BlockApportionment:US.BlockGroups,1,57,US,1047,3452405.13,BlockApportionment:US.BlockGroups,1,57,US,38788,64,0.118223849,0.000303267
58,47,065,47197703,00000030,00001310,4706500001310,G6320,S,565595,0,+35.0228778,-085.2294094,,,,,38538,391,0,520,2,518,2381,7.4,0,0.218376316,0.218376316,BlockApportionment:US.BlockGroups,1,58,US,117,31.45,BlockApportionment:US.BlockGroups,1,58,US,942,16862869.58,BlockApportionment:US.BlockGroups,1,58,US,33711,56,0.034022557,5.58624E-05
59,47,065,47197703,00000100,00001840,4706500001840,G6320,S,1502935,0,+35.1394479,-085.2702273,,,,,73252,621,0,797,140,657,1373.4,3.7,0,0.580284188,0.580284188,BlockApportionment:US.BlockGroups,1,59,US,98,20.5,BlockApportionment:US.BlockGroups,1,59,US,1376,9256661.92,BlockApportionment:US.BlockGroups,1,59,US,59959,99,0.060927972,0.00014865
60,47,065,47197703,00000100,00001820,4706500001820,G6320,S,4230801,0,+35.1736559,-085.2661438,,,,,61014,520,667,763,90,673,467.1,3.1,1.7,1.633515252,1.633515252,BlockApportionment:US.BlockGroups,1,60,US,59,15.28,BlockApportionment:US.BlockGroups,1,60,US,1196,2856967.81,BlockApportionment:US.BlockGroups,1,60,US,42279,70,0.118773052,0.000418626
61,47,065,47197703,00000110,00001880,4706500001880,G6320,S,1356774,0,+35.1479280,-085.2437937,,,,,52348,375,505,1791,1293,498,3418.6,4.9,1.6,0.523851385,0.523851385,BlockApportionment:US.BlockGroups,1,61,US,62,20.13,BlockApportionment:US.BlockGroups,1,61,US,958,7138215.919,BlockApportionment:US.BlockGroups,1,61,US,36880,61,0.054586228,0.000134207
62,47,065,47197703,00000090,00002500,4706500002500,G6320,S,2795521,469251,+35.1489388,-085.0685688,,,,,183709,469,1222,695,63,632,551.4,1.8,2.4,1.260530091,1.260530091,BlockApportionment:US.BlockGroups,1,62,US,0,0,BlockApportionment:US.BlockGroups,1,62,US,1278,3957443.23,BlockApportionment:US.BlockGroups,1,62,US,131992,218,0.091574535,0.000322936
63,47,065,47197703,00000050,00001990,4706500001990,G6320,S,1592024,0,+35.0693785,-085.1631660,,,,,43949,303,786,681,272,409,1107.9,2.7,2,0.614681501,0.614681501,BlockApportionment:US.BlockGroups,1,63,US,86,21.55,BlockApportionment:US.BlockGroups,1,63,US,758,4817951.229,BlockApportionment:US.BlockGroups,1,63,US,30029,50,0.065651013,0.000157328
64,47,065,47197703,00000050,00002210,4706500002210,G6320,S,15133206,0,+35.0856211,-085.1446515,,,,,0,0,0,1661,1661,0,284.3,0,0,5.842942202,5.842942202,BlockApportionment:US.BlockGroups,1,64,US,0,0,BlockApportionment:US.BlockGroups,1,64,US,0,0,BlockApportionment:US.BlockGroups,1,64,US,0,0,0.215281503,0.001495799
65,47,065,47197703,00000050,00001980,4706500001980,G6320,S,1104412,0,+35.0782816,-085.1727595,,,,,48645,607,1124,1032,140,892,2420.3,7.3,1.6,0.426414061,0.426414061,BlockApportionment:US.BlockGroups,1,65,US,64,9.13,BlockApportionment:US.BlockGroups,1,65,US,1576,14438480.84,BlockApportionment:US.BlockGroups,1,65,US,37935,63,0.052606583,0.000109153
66,47,065,47197703,00000110,00002350,4706500002350,G6320,S,6847960,37848,+35.1971225,-085.2237553,,,,,56384,356,612,481,59,422,180.9,13.6,2.2,2.658612846,2.658612846,BlockApportionment:US.BlockGroups,1,66,US,17,6.03,BlockApportionment:US.BlockGroups,1,66,US,941,1380781.539,BlockApportionment:US.BlockGroups,1,66,US,51093,84,0.125643994,0.000681498
67,47,065,47197703,00000100,00002360,4706500002360,G6320,S,13897577,0,+35.2066724,-085.2462278,,,,,85188,675,1323,1109,284,825,206.7,8.1,1.9,5.365862404,5.365862404,BlockApportionment:US.BlockGroups,1,67,US,103,15.06,BlockApportionment:US.BlockGroups,1,67,US,1609,1169608.602,BlockApportionment:US.BlockGroups,1,67,US,59024,97,0.202999325,0.001375674
68,47,065,47197703,00000100,00001850,4706500001850,G6320,S,3243424,0,+35.1522504,-085.2554983,,,,,71107,1077,1743,2740,1458,1282,2188,4.1,1.7,1.252287736,1.252287736,BlockApportionment:US.BlockGroups,1,68,US,153,15.16,BlockApportionment:US.BlockGroups,1,68,US,2506,7810638.675,BlockApportionment:US.BlockGroups,1,68,US,47336,78,0.078500241,0.000320844
69,47,065,47197703,00000100,00001830,4706500001830,G6320,S,3969508,0,+35.1551987,-085.2742335,,,,,60974,598,767,840,110,730,548.1,3,1.7,1.532629294,1.532629294,BlockApportionment:US.BlockGroups,1,69,US,68,15.32,BlockApportionment:US.BlockGroups,1,69,US,1306,3325831.201,BlockApportionment:US.BlockGroups,1,69,US,41990,69,0.106803283,0.000392684
70,47,065,47197703,00000100,00001860,4706500001860,G6320,S,2496538,0,+35.1610812,-085.2599984,,,,,73085,532,1102,1083,258,825,1123.6,0,1.8,0.963914966,0.963914966,BlockApportionment:US.BlockGroups,1,70,US,125,20.87,BlockApportionment:US.BlockGroups,1,70,US,1221,4943564.989,BlockApportionment:US.BlockGroups,1,70,US,60057,99,0.103603922,0.000246988
71,47,065,47197703,00000110,00003010,4706500003010,G6320,S,5831971,11065,+35.1588039,-085.2218311,,,,,57781,484,919,1525,976,549,676,1.6,1.5,2.255999042,2.255999042,BlockApportionment:US.BlockGroups,1,71,US,0,0,BlockApportionment:US.BlockGroups,1,71,US,1100,1902906.71,BlockApportionment:US.BlockGroups,1,71,US,36860,61,0.117058309,0.000578063
72,47,065,47197703,00000110,00001870,4706500001870,G6320,S,4500552,0,+35.1651351,-085.2397379,,,,,74422,848,1766,1256,181,1075,722.8,0,2,1.737665652,1.737665652,BlockApportionment:US.BlockGroups,1,72,US,92,10.42,BlockApportionment:US.BlockGroups,1,72,US,2286,5133955.012,BlockApportionment:US.BlockGroups,1,72,US,67271,111,0.098635782,0.000445271
73,47,065,47197703,00000030,00001090,4706500001090,G6320,S,1012585,0,+35.0214298,-085.2532433,,,,,63916,748,982,951,193,758,2432.2,1.4,1.6,0.390958791,0.390958791,BlockApportionment:US.BlockGroups,1,73,US,76,12.34,BlockApportionment:US.BlockGroups,1,73,US,1582,15818640.73,BlockApportionment:US.BlockGroups,1,73,US,46702,77,0.040519082,0.000100009
74,47,065,47197703,00000010,00000450,4706500000450,G6320,S,360381,0,+35.0407274,-085.2842544,,,,,49487,61,69,429,359,70,3084.1,5.4,1.6,0.139143304,0.139143304,BlockApportionment:US.BlockGroups,1,74,US,14,31.82,BlockApportionment:US.BlockGroups,1,74,US,175,4915511.409,BlockApportionment:US.BlockGroups,1,74,US,30531,50,0.025957235,3.56016E-05
75,47,065,47197703,00000100,00001610,4706500001610,G6320,S,2472318,25369,+35.1126370,-085.2397070,,,,,40851,26,23,1142,1109,33,1184.2,7.1,1.4,0.964356764,0.964356764,BlockApportionment:US.BlockGroups,1,75,US,3,17.65,BlockApportionment:US.BlockGroups,1,75,US,46,186264.9834,BlockApportionment:US.BlockGroups,1,75,US,28027,46,0.073393426,0.00024696
76,47,065,47197703,00000030,00001140,4706500001140,G6320,S,1720682,0,+35.0719807,-085.2318855,,,,,44061,311,485,483,41,442,727,11.9,1.9,0.664356827,0.664356827,BlockApportionment:US.BlockGroups,1,76,US,24,9.3,BlockApportionment:US.BlockGroups,1,76,US,798,4692791.14,BlockApportionment:US.BlockGroups,1,76,US,37978,63,0.081203182,0.000170048
77,47,065,47197703,00000090,00002750,4706500002750,G6320,S,1118334,0,+35.0969886,-085.0589548,,,,,162152,3,0,909,904,5,2105.1,0,0,0.431790766,0.431790766,BlockApportionment:US.BlockGroups,1,77,US,0,0,BlockApportionment:US.BlockGroups,1,77,US,9,81408.19774,BlockApportionment:US.BlockGroups,1,77,US,200001,330,0.066858469,0.000110554
78,47,065,47197703,00000030,00001120,4706500001120,G6320,S,1694479,0,+35.0429575,-085.2466060,,,,,71229,593,1017,976,160,816,1491.9,4.2,1.8,0.65423899,0.65423899,BlockApportionment:US.BlockGroups,1,78,US,49,8.45,BlockApportionment:US.BlockGroups,1,78,US,1464,8745526.974,BlockApportionment:US.BlockGroups,1,78,US,41683,69,0.058345674,0.0001674
79,47,065,47197703,00000110,00001890,4706500001890,G6320,S,1006393,0,+35.1385158,-085.2418367,,,,,52355,345,464,1921,1562,359,4943.4,4.8,1.6,0.388569726,0.388569726,BlockApportionment:US.BlockGroups,1,79,US,58,20.42,BlockApportionment:US.BlockGroups,1,79,US,688,6911957.607,BlockApportionment:US.BlockGroups,1,79,US,36776,61,0.045940656,9.95376E-05
80,47,065,47197703,00000050,00001490,4706500001490,G6320,S,2231384,0,+35.0428000,-085.1764699,,,,,46968,1075,1349,1954,1070,884,2268.1,0.5,1.3,0.861538692,0.861538692,BlockApportionment:US.BlockGroups,1,80,US,137,12.97,BlockApportionment:US.BlockGroups,1,80,US,2068,9381189.299,BlockApportionment:US.BlockGroups,1,80,US,37652,62,0.067832693,0.000220441
81,47,065,47197703,00000060,00002070,4706500002070,G6320,S,1367077,0,+35.0347371,-085.1581873,,,,,80621,58,81,6600,6537,63,12504.7,3.8,1.8,0.527828447,0.527828447,BlockApportionment:US.BlockGroups,1,81,US,2,4.35,BlockApportionment:US.BlockGroups,1,81,US,137,1014499.904,BlockApportionment:US.BlockGroups,1,81,US,57161,94,0.048680368,0.000135042
82,47,065,47197703,00000060,00002140,4706500002140,G6320,S,3901189,0,+34.9940195,-085.1359789,,,,,101185,1421,0,2409,623,1786,1599.3,0.7,0,1.506251215,1.506251215,BlockApportionment:US.BlockGroups,1,82,US,83,6.89,BlockApportionment:US.BlockGroups,1,82,US,3756,9751349.917,BlockApportionment:US.BlockGroups,1,82,US,71516,118,0.090365079,0.000385177
83,47,065,47197703,00000060,00002040,4706500002040,G6320,S,547677,0,+35.0461250,-085.1487384,,,,,87949,23,16,517,490,27,2444.4,4,1.5,0.211458534,0.211458534,BlockApportionment:US.BlockGroups,1,83,US,2,18.18,BlockApportionment:US.BlockGroups,1,83,US,50,924080.0193,BlockApportionment:US.BlockGroups,1,83,US,50000,83,0.04919953,5.41079E-05
84,47,065,47197703,00000050,00002010,4706500002010,G6320,S,3904179,0,+35.0605625,-085.1437685,,,,,58583,838,1319,2516,1760,756,1669.1,1.2,1.8,1.507404295,1.507404295,BlockApportionment:US.BlockGroups,1,84,US,25,3.34,BlockApportionment:US.BlockGroups,1,84,US,1874,4857683.72,BlockApportionment:US.BlockGroups,1,84,US,53335,88,0.101669947,0.000385781
85,47,065,47197703,00000050,00003040,4706500003040,G6320,S,1573021,0,+35.0901260,-085.1731798,,,,,82292,409,746,643,183,460,1058.8,2.8,2,0.607343302,0.607343302,BlockApportionment:US.BlockGroups,1,85,US,120,31.75,BlockApportionment:US.BlockGroups,1,85,US,1010,6495640.843,BlockApportionment:US.BlockGroups,1,85,US,53737,89,0.059954071,0.000155489
86,47,065,47197703,00000050,00001550,4706500001550,G6320,S,1194360,0,+35.0805394,-085.1821444,,,,,68180,317,822,1900,1563,337,4120.6,1.8,2.2,0.461142724,0.461142724,BlockApportionment:US.BlockGroups,1,86,US,14,3.68,BlockApportionment:US.BlockGroups,1,86,US,777,6582193.711,BlockApportionment:US.BlockGroups,1,86,US,55356,91,0.051990528,0.000118046
87,47,065,47197703,00000070,00002550,4706500002550,G6320,S,4518593,0,+35.0566148,-085.0914198,,,,,109887,794,574,1598,163,1435,916,2.5,1.4,1.744632288,1.744632288,BlockApportionment:US.BlockGroups,1,87,US,47,11.16,BlockApportionment:US.BlockGroups,1,87,US,2239,5014876.011,BlockApportionment:US.BlockGroups,1,87,US,76092,126,0.097476988,0.000446472
88,47,065,47197703,00000020,00000880,4706500000880,G6320,S,1753896,0,+34.9924552,-085.3353928,,,,,57917,445,619,490,18,472,723.6,1,1.7,0.677181002,0.677181002,BlockApportionment:US.BlockGroups,1,88,US,47,12.77,BlockApportionment:US.BlockGroups,1,88,US,983,5676667.643,BlockApportionment:US.BlockGroups,1,88,US,47351,78,0.069523227,0.000173165
89,47,065,47197703,00000020,00000890,4706500000890,G6320,S,2557398,0,+34.9959772,-085.3246230,,,,,55196,841,1010,1153,203,950,1167.7,4.2,1.8,0.987412293,0.987412293,BlockApportionment:US.BlockGroups,1,89,US,92,16,BlockApportionment:US.BlockGroups,1,89,US,1942,7690898.118,BlockApportionment:US.BlockGroups,1,89,US,39744,66,0.081370077,0.000252506
90,47,065,47197703,00000020,00000860,4706500000860,G6320,S,22776226,561189,+35.0027621,-085.3658673,,,,,144322,1443,2550,6817,5054,1763,756.6,2.1,1.9,9.010595095,9.010595095,BlockApportionment:US.BlockGroups,1,90,US,147,11.19,BlockApportionment:US.BlockGroups,1,90,US,3422,1484956.824,BlockApportionment:US.BlockGroups,1,90,US,75162,124,0.214310721,0.002304444
91,47,065,47197703,00000020,00000950,4706500000950,G6320,S,2084982,28897,+34.9949266,-085.2978780,,,,,33115,171,200,1715,1440,275,2101.2,15.5,1.4,0.816169844,0.816169844,BlockApportionment:US.BlockGroups,1,91,US,51,35.17,BlockApportionment:US.BlockGroups,1,91,US,468,2242355.981,BlockApportionment:US.BlockGroups,1,91,US,25847,43,0.071452985,0.000208709
92,47,065,47197703,00000020,00000910,4706500000910,G6320,S,941868,0,+35.0100750,-085.3174168,,,,,25675,507,525,1325,516,809,3643.1,13.8,1.1,0.363653795,0.363653795,BlockApportionment:US.BlockGroups,1,92,US,229,45.8,BlockApportionment:US.BlockGroups,1,92,US,1235,13277971.03,BlockApportionment:US.BlockGroups,1,92,US,17023,28,0.052144738,9.30112E-05
93,47,065,47197703,00000020,00000930,4706500000930,G6320,S,1547578,0,+35.0067674,-085.3073378,,,,,28382,201,184,424,105,319,709.6,21.4,0.9,0.597520831,0.597520831,BlockApportionment:US.BlockGroups,1,93,US,93,47.69,BlockApportionment:US.BlockGroups,1,93,US,506,3311064.088,BlockApportionment:US.BlockGroups,1,93,US,18480,31,0.087305762,0.000152821
94,47,065,47197703,00000020,00000940,4706500000940,G6320,S,2277225,97179,+34.9923374,-085.3121286,,,,,29311,571,425,1433,301,1132,1563,19.9,1.1,0.916760278,0.916760278,BlockApportionment:US.BlockGroups,1,94,US,200,50.76,BlockApportionment:US.BlockGroups,1,94,US,1481,6317691.214,BlockApportionment:US.BlockGroups,1,94,US,15291,25,0.07587059,0.000234421
95,47,065,47197703,00000020,00001020,4706500001020,G6320,S,1009245,5111,+35.0038780,-085.2769272,,,,,55354,519,657,1107,248,859,2826.9,9.9,1.4,0.391643857,0.391643857,BlockApportionment:US.BlockGroups,1,95,US,159,34.57,BlockApportionment:US.BlockGroups,1,95,US,1449,14466342.9,BlockApportionment:US.BlockGroups,1,95,US,27947,46,0.048299126,0.000100164
96,47,065,47197703,00000020,00001050,4706500001050,G6320,S,738755,0,+35.0031969,-085.2704622,,,,,75261,290,402,365,22,343,1279.8,1.5,1.7,0.285233624,0.285233624,BlockApportionment:US.BlockGroups,1,96,US,22,9.4,BlockApportionment:US.BlockGroups,1,96,US,726,9952327.052,BlockApportionment:US.BlockGroups,1,96,US,41474,68,0.044442017,7.29478E-05
97,47,065,47197703,00000080,00000380,4706500000380,G6320,S,545324,0,+35.0577003,-085.3274419,,,,,65522,2,6,873,870,3,4145.3,0,2,0.210550465,0.210550465,BlockApportionment:US.BlockGroups,1,97,US,0,0,BlockApportionment:US.BlockGroups,1,97,US,7,129911.0768,BlockApportionment:US.BlockGroups,1,97,US,0,0,0.036036581,5.3883E-05
98,47,065,47197703,00000080,00000730,4706500000730,G6320,S,3301394,1573,+35.1004020,-085.3234171,,,,,89553,1370,1179,2929,1567,1362,2296.7,5.8,1.6,1.275278447,1.275278447,BlockApportionment:US.BlockGroups,1,98,US,55,7.38,BlockApportionment:US.BlockGroups,1,98,US,2920,8942194.68,BlockApportionment:US.BlockGroups,1,98,US,46586,77,0.104353366,0.000326542
99,47,065,47197703,00000020,00001000,4706500001000,G6320,S,646183,0,+34.9955681,-085.2878435,,,,,35836,304,524,1037,405,632,4156.3,10.8,1.4,0.249492145,0.249492145,BlockApportionment:US.BlockGroups,1,99,US,145,39.73,BlockApportionment:US.BlockGroups,1,99,US,974,15266186.97,BlockApportionment:US.BlockGroups,1,99,US,28043,46,0.03680642,6.38011E-05
100,47,065,47197703,00000020,00001010,4706500001010,G6320,S,965028,0,+34.9910556,-085.2824988,,,,,44546,584,940,1207,171,1036,3239.4,6.2,1.6,0.37259728,0.37259728,BlockApportionment:US.BlockGroups,1,100,US,193,33.28,BlockApportionment:US.BlockGroups,1,100,US,1741,18273052.47,BlockApportionment:US.BlockGroups,1,100,US,30569,50,0.046356876,9.52769E-05
101,47,065,47197703,00000020,00001040,4706500001040,G6320,S,1800027,0,+34.9924938,-085.2705122,,,,,53716,810,1396,980,46,934,1410.1,3.8,1.7,0.694991034,0.694991034,BlockApportionment:US.BlockGroups,1,101,US,189,23.54,BlockApportionment:US.BlockGroups,1,101,US,1845,10381537.71,BlockApportionment:US.BlockGroups,1,101,US,50910,84,0.068255552,0.000177719
102,47,065,47197703,00000020,00000820,4706500000820,G6320,S,17034124,1898161,+35.0838597,-085.3602495,,,,,115886,623,1707,749,90,659,102.5,1.4,2.3,7.309762939,7.309762939,BlockApportionment:US.BlockGroups,1,102,US,14,1.9,BlockApportionment:US.BlockGroups,1,102,US,1536,820891.9394,BlockApportionment:US.BlockGroups,1,102,US,63643,105,0.244218354,0.001871135
103,47,065,47197703,00000020,00000840,4706500000840,G6320,S,8241197,0,+35.0362228,-085.3866496,,,,,122176,271,474,360,82,278,113.1,0,1.5,3.181926006,3.181926006,BlockApportionment:US.BlockGroups,1,103,US,58,18.71,BlockApportionment:US.BlockGroups,1,103,US,661,811947.3341,BlockApportionment:US.BlockGroups,1,103,US,69428,115,0.171946013,0.000814092
104,47,065,47197703,00000020,00000830,4706500000830,G6320,S,3172183,349261,+35.0352251,-085.3593844,,,,,78818,620,970,1023,187,836,752.4,2.5,2,1.359631095,1.359631095,BlockApportionment:US.BlockGroups,1,104,US,91,19.08,BlockApportionment:US.BlockGroups,1,104,US,1460,4197177.595,BlockApportionment:US.BlockGroups,1,104,US,58739,97,0.108215772,0.000347853
105,47,065,47197703,00000020,00000900,4706500000900,G6320,S,697797,0,+35.0030726,-085.3163749,,,,,28248,286,273,770,271,499,2858.2,20.3,1,0.269420331,0.269420331,BlockApportionment:US.BlockGroups,1,105,US,133,47.84,BlockApportionment:US.BlockGroups,1,105,US,748,10855769.63,BlockApportionment:US.BlockGroups,1,105,US,17791,29,0.03753445,6.89035E-05
106,47,065,47197703,00000020,00000960,4706500000960,G6320,S,2354079,0,+35.0114863,-085.2985537,,,,,33144,386,457,1374,773,601,1511.7,15.7,1.4,0.908913057,0.908913057,BlockApportionment:US.BlockGroups,1,106,US,117,35.24,BlockApportionment:US.BlockGroups,1,106,US,1020,4387562.827,BlockApportionment:US.BlockGroups,1,106,US,25728,42,0.079663142,0.000232475
107,47,065,47197703,00000010,00000360,4706500000360,G6320,S,565409,0,+35.0298005,-085.3013182,,,,,80646,224,215,574,411,163,2629.4,1.6,1.7,0.218304449,0.218304449,BlockApportionment:US.BlockGroups,1,107,US,21,16.41,BlockApportionment:US.BlockGroups,1,107,US,520,9310880.521,BlockApportionment:US.BlockGroups,1,107,US,57201,94,0.033732599,5.58486E-05
108,47,065,47197703,00000010,00000430,4706500000430,G6320,S,902324,0,+35.0257617,-085.2945076,,,,,48221,3,4,1054,1030,24,3025.3,4.3,2,0.348387794,0.348387794,BlockApportionment:US.BlockGroups,1,108,US,1,50,BlockApportionment:US.BlockGroups,1,108,US,49,549799.3456,BlockApportionment:US.BlockGroups,1,108,US,30000,50,0.038990507,8.91234E-05
109,47,065,47197703,00000010,00000140,4706500000140,G6320,S,598194,0,+35.0441019,-085.3183954,,,,,13348,1799,0,3002,748,2254,12995.7,17,0,0.230962351,0.230962351,BlockApportionment:US.BlockGroups,1,109,US,899,61.83,BlockApportionment:US.BlockGroups,1,109,US,2950,49917885.43,BlockApportionment:US.BlockGroups,1,109,US,10253,17,0.035318488,5.90971E-05
110,47,065,47197703,00000040,00001410,4706500001410,G6320,S,2060639,0,+34.9985340,-085.2265366,,,,,46014,761,1423,2791,1898,893,3508,0.8,1.7,0.795615109,0.795615109,BlockApportionment:US.BlockGroups,1,110,US,194,22.53,BlockApportionment:US.BlockGroups,1,110,US,1881,9244827.572,BlockApportionment:US.BlockGroups,1,110,US,37389,62,0.05770336,0.000203465
111,47,065,47197703,00000040,00001430,4706500001430,G6320,S,1514341,0,+34.9957761,-085.2131534,,,,,43632,546,698,1710,1132,578,2924.6,0,1.1,0.584688889,0.584688889,BlockApportionment:US.BlockGroups,1,111,US,135,22.09,BlockApportionment:US.BlockGroups,1,111,US,1033,6908804.346,BlockApportionment:US.BlockGroups,1,111,US,32316,53,0.054156795,0.000149519
112,47,065,47197703,00000040,00001440,4706500001440,G6320,S,6912675,0,+34.9976821,-085.1922658,,,,,65608,1268,2136,2463,1077,1386,922.8,1.8,1.9,2.668988229,2.668988229,BlockApportionment:US.BlockGroups,1,112,US,116,10.31,BlockApportionment:US.BlockGroups,1,112,US,2898,4245894.526,BlockApportionment:US.BlockGroups,1,112,US,42712,71,0.126413729,0.000682542
113,47,065,47197703,00000010,00000590,4706500000590,G6320,S,2023368,0,+35.0616986,-085.2626165,,,,,30416,372,0,1921,1227,694,2459,18.8,0,0.781224154,0.781224154,BlockApportionment:US.BlockGroups,1,113,US,131,30.97,BlockApportionment:US.BlockGroups,1,113,US,926,4631469.245,BlockApportionment:US.BlockGroups,1,113,US,19065,31,0.073683384,0.000199937
114,47,065,47197703,00000010,00000510,4706500000510,G6320,S,1102185,0,+35.0501254,-085.2685224,,,,,32991,781,854,1445,237,1208,3395.2,15.6,1.1,0.425555172,0.425555172,BlockApportionment:US.BlockGroups,1,114,US,257,32.12,BlockApportionment:US.BlockGroups,1,114,US,1895,17401923.21,BlockApportionment:US.BlockGroups,1,114,US,24918,41,0.042840892,0.000108896
115,47,065,47197703,00000010,00000150,4706500000150,G6320,S,230387,0,+35.0421433,-085.3136367,,,,,68798,1,0,841,840,1,9449.4,0,0,0.08895274,0.08895274,BlockApportionment:US.BlockGroups,1,115,US,0,0,BlockApportionment:US.BlockGroups,1,115,US,1,43936.58022,BlockApportionment:US.BlockGroups,1,115,US,0,0,0.024456421,2.27601E-05
116,47,065,47197703,00000010,00000200,4706500000200,G6320,S,217334,0,+35.0346178,-085.3102943,,,,,80645,242,382,608,483,125,7246.7,1.7,1.7,0.083913535,0.083913535,BlockApportionment:US.BlockGroups,1,116,US,37,16.3,BlockApportionment:US.BlockGroups,1,116,US,409,19050928.73,BlockApportionment:US.BlockGroups,1,116,US,57044,94,0.01930854,2.14688E-05
117,47,065,47197703,00000010,00000190,4706500000190,G6320,S,307471,0,+35.0368439,-085.3154321,,,,,0,0,0,284,284,0,2392.6,0,0,0.118714513,0.118714513,BlockApportionment:US.BlockGroups,1,117,US,0,0,BlockApportionment:US.BlockGroups,1,117,US,0,0,BlockApportionment:US.BlockGroups,1,117,US,0,0,0.022236302,3.03732E-05
118,47,065,47197703,00000010,00000220,4706500000220,G6320,S,163929,0,+35.0311154,-085.3117273,,,,,80647,10,20,103,94,9,1627.2,0,1.7,0.063293421,0.063293421,BlockApportionment:US.BlockGroups,1,118,US,2,16.67,BlockApportionment:US.BlockGroups,1,118,US,28,1729189.524,BlockApportionment:US.BlockGroups,1,118,US,60675,100,0.016646887,1.61926E-05
119,47,065,47197703,00000010,00000100,4706500000100,G6320,S,81189,105044,+35.0565670,-085.3121085,,,,,68798,6,7,432,427,5,6008.3,0,0.9,0.071904636,0.071904636,BlockApportionment:US.BlockGroups,1,119,US,2,25,BlockApportionment:US.BlockGroups,1,119,US,8,434752.4107,BlockApportionment:US.BlockGroups,1,119,US,29226,48,0.02063199,1.84013E-05
120,47,065,47197703,00000010,00000080,4706500000080,G6320,S,55085,0,+35.0534849,-085.3107381,,,,,68798,1,0,944,943,1,44319.2,0,0,0.021268019,0.021268019,BlockApportionment:US.BlockGroups,1,120,US,0,0,BlockApportionment:US.BlockGroups,1,120,US,1,183738.1404,BlockApportionment:US.BlockGroups,1,120,US,0,0,0.009354379,5.44253E-06
121,47,065,47197703,00000010,00000050,4706500000050,G6320,S,56076,0,+35.0509333,-085.3106645,,,,,68798,4,3,2013,2009,4,92765,0,0.8,0.02165067,0.02165067,BlockApportionment:US.BlockGroups,1,121,US,1,25,BlockApportionment:US.BlockGroups,1,121,US,6,1082977.919,BlockApportionment:US.BlockGroups,1,121,US,7500,12,0.009448147,5.54028E-06
122,47,065,47197703,00000010,00000020,4706500000020,G6320,S,85209,0,+35.0476936,-085.3105550,,,,,68794,118,0,1999,1902,97,60759.9,4.2,0,0.032899595,0.032899595,BlockApportionment:US.BlockGroups,1,122,US,0,0,BlockApportionment:US.BlockGroups,1,122,US,166,19718512.04,BlockApportionment:US.BlockGroups,1,122,US,33199,55,0.012178148,8.41849E-06
123,47,065,47197703,00000010,00000160,4706500000160,G6320,S,100116,0,+35.0437920,-085.3105431,,,,,0,0,0,4502,4497,5,116330.7,0,0,0.038654183,0.038654183,BlockApportionment:US.BlockGroups,1,123,US,0,0,BlockApportionment:US.BlockGroups,1,123,US,9,909961.4349,BlockApportionment:US.BlockGroups,1,123,US,0,0,0.014072129,9.89053E-06
124,47,065,47197703,00000010,00000240,4706500000240,G6320,S,145680,0,+35.0458647,-085.3049636,,,,,61813,103,112,1661,1485,176,29555.2,6.1,1.2,0.05624732,0.05624732,BlockApportionment:US.BlockGroups,1,124,US,31,31.96,BlockApportionment:US.BlockGroups,1,124,US,296,20566293.59,BlockApportionment:US.BlockGroups,1,124,US,27785,46,0.016486576,1.43925E-05
125,47,065,47197703,00000010,00000170,4706500000170,G6320,S,190234,0,+35.0433289,-085.3070446,,,,,68610,268,259,3506,3293,213,47765.7,4.4,0.9,0.073449467,0.073449467,BlockApportionment:US.BlockGroups,1,125,US,90,30.93,BlockApportionment:US.BlockGroups,1,125,US,360,19155489.05,BlockApportionment:US.BlockGroups,1,125,US,33036,55,0.02130212,1.87936E-05
126,47,065,47197703,00000010,00000180,4706500000180,G6320,S,224153,0,+35.0392128,-085.3099520,,,,,68794,79,97,1335,1267,68,15433.5,3.9,0.9,0.086546348,0.086546348,BlockApportionment:US.BlockGroups,1,126,US,34,31.19,BlockApportionment:US.BlockGroups,1,126,US,117,5283698.085,BlockApportionment:US.BlockGroups,1,126,US,32502,54,0.019229576,2.21436E-05
127,47,065,47197703,00000080,00000670,4706500000670,G6320,S,1583419,0,+35.0683365,-085.3023336,,,,,104196,1196,1809,1477,832,645,2415.8,2.5,1.7,0.611358444,0.611358444,BlockApportionment:US.BlockGroups,1,127,US,85,8.03,BlockApportionment:US.BlockGroups,1,127,US,2442,15606248.72,BlockApportionment:US.BlockGroups,1,127,US,63837,105,0.052245713,0.000156476
128,47,065,47197703,00000080,00000680,4706500000680,G6320,S,1941810,452603,+35.0700965,-085.2833995,,,,,184723,303,722,593,348,245,641.4,0,2.2,0.924484231,0.924484231,BlockApportionment:US.BlockGroups,1,128,US,8,2.4,BlockApportionment:US.BlockGroups,1,128,US,697,2945515.903,BlockApportionment:US.BlockGroups,1,128,US,120883,200,0.073353197,0.000236631
129,47,065,47197703,00000080,00000420,4706500000420,G6320,S,997695,366676,+35.0594842,-085.2921472,,,,,120275,471,656,694,150,544,1317.4,0.2,1.5,0.526783137,0.526783137,BlockApportionment:US.BlockGroups,1,129,US,20,4.65,BlockApportionment:US.BlockGroups,1,129,US,942,6987303.88,BlockApportionment:US.BlockGroups,1,129,US,81261,134,0.053023852,0.000134816
130,47,065,47197703,00000080,00000410,4706500000410,G6320,S,155198,125665,+35.0600997,-085.3039948,,,,,122582,93,129,603,528,75,5562.7,0,1.5,0.10844207,0.10844207,BlockApportionment:US.BlockGroups,1,130,US,4,4.71,BlockApportionment:US.BlockGroups,1,130,US,127,4576133.034,BlockApportionment:US.BlockGroups,1,130,US,84385,139,0.022912757,2.77527E-05
131,47,065,47197703,00000080,00000400,4706500000400,G6320,S,703960,122570,+35.0649098,-085.3153799,,,,,67416,380,558,1919,1614,305,6013.8,2,1.5,0.31912387,0.31912387,BlockApportionment:US.BlockGroups,1,131,US,54,14.29,BlockApportionment:US.BlockGroups,1,131,US,687,8411387.082,BlockApportionment:US.BlockGroups,1,131,US,45873,76,0.053242057,8.1675E-05
132,47,065,47197703,00000080,00000650,4706500000650,G6320,S,2294176,0,+35.0718550,-085.3242472,,,,,65533,731,782,1399,703,696,1579.4,4,1.6,0.885785209,0.885785209,BlockApportionment:US.BlockGroups,1,132,US,63,13.02,BlockApportionment:US.BlockGroups,1,132,US,1700,7498094.083,BlockApportionment:US.BlockGroups,1,132,US,47485,78,0.083113283,0.000226724
133,47,065,47197703,00000010,00000310,4706500000310,G6320,S,279252,0,+35.0449470,-085.2954972,,,,,68340,176,298,1648,1304,344,15287.6,6.4,1.9,0.107819865,0.107819865,BlockApportionment:US.BlockGroups,1,133,US,39,24.22,BlockApportionment:US.BlockGroups,1,133,US,767,27801454.86,BlockApportionment:US.BlockGroups,1,133,US,35430,59,0.028473588,2.75885E-05
134,47,065,47197703,00000010,00000330,4706500000330,G6320,S,285280,0,+35.0428771,-085.2969417,,,,,58944,337,301,1783,400,1383,16194.4,6.6,1.3,0.110146131,0.110146131,BlockApportionment:US.BlockGroups,1,134,US,76,33.19,BlockApportionment:US.BlockGroups,1,134,US,2377,84341570.64,BlockApportionment:US.BlockGroups,1,134,US,24352,40,0.027915503,2.8183E-05
135,47,065,47197703,00000010,00000210,4706500000210,G6320,S,179299,0,+35.0336935,-085.3170069,,,,,80667,1,0,69,69,0,997.1,0,0,0.069226469,0.069226469,BlockApportionment:US.BlockGroups,1,135,US,0,0,BlockApportionment:US.BlockGroups,1,135,US,2,112924.3243,BlockApportionment:US.BlockGroups,1,135,US,0,0,0.019365773,1.7711E-05
136,47,065,47197703,00000080,00000390,4706500000390,G6320,S,89588,0,+35.0598378,-085.3187082,,,,,0,0,0,44,44,0,1271.7,0,0,0.034590401,0.034590401,BlockApportionment:US.BlockGroups,1,136,US,0,0,BlockApportionment:US.BlockGroups,1,136,US,0,0,BlockApportionment:US.BlockGroups,1,136,US,0,0,0.013196505,8.85243E-06
137,47,065,47197703,00000010,00000110,4706500000110,G6320,S,214892,198856,+35.0525659,-085.3225094,,,,,0,0,0,383,383,0,2398.2,0,0,0.159747764,0.159747764,BlockApportionment:US.BlockGroups,1,137,US,0,0,BlockApportionment:US.BlockGroups,1,137,US,0,0,BlockApportionment:US.BlockGroups,1,137,US,0,0,0.036868576,4.08796E-05
138,47,065,47197703,00000010,00000120,4706500000120,G6320,S,430047,0,+35.0511240,-085.3171744,,,,,0,0,0,3080,3079,1,18554.2,0,0,0.166041491,0.166041491,BlockApportionment:US.BlockGroups,1,138,US,0,0,BlockApportionment:US.BlockGroups,1,138,US,1,23535.42617,BlockApportionment:US.BlockGroups,1,138,US,0,0,0.026606382,4.24891E-05
139,47,065,47197703,00000010,00000090,4706500000090,G6320,S,105228,0,+35.0542055,-085.3133164,,,,,68792,14,12,327,314,13,8054.2,0,0.9,0.040628716,0.040628716,BlockApportionment:US.BlockGroups,1,139,US,4,28.57,BlockApportionment:US.BlockGroups,1,139,US,22,2115983.033,BlockApportionment:US.BlockGroups,1,139,US,31872,53,0.013172082,1.03971E-05
140,47,065,47197703,00000010,00000010,4706500000010,G6320,S,89662,0,+35.0478991,-085.3128970,,,,,68794,81,91,1872,1800,72,54104,3.8,0.9,0.034618316,0.034618316,BlockApportionment:US.BlockGroups,1,140,US,31,30.39,BlockApportionment:US.BlockGroups,1,140,US,121,13659504.93,BlockApportionment:US.BlockGroups,1,140,US,33106,55,0.012359154,8.8583E-06
141,47,065,47197703,00000010,00000040,4706500000040,G6320,S,61218,0,+35.0508654,-085.3128640,,,,,0,0,0,613,613,0,25974.6,0,0,0.023636403,0.023636403,BlockApportionment:US.BlockGroups,1,141,US,0,0,BlockApportionment:US.BlockGroups,1,141,US,0,0,BlockApportionment:US.BlockGroups,1,141,US,0,0,0.010051396,6.04841E-06
142,47,065,47197703,00000010,00000350,4706500000350,G6320,S,876234,0,+35.0373543,-085.3010081,,,,,58943,77,30,2445,2349,96,7227.3,6.8,1.3,0.338315229,0.338315229,BlockApportionment:US.BlockGroups,1,142,US,8,34.78,BlockApportionment:US.BlockGroups,1,142,US,163,1883114.097,BlockApportionment:US.BlockGroups,1,142,US,24439,40,0.040480678,8.65587E-05
143,47,065,47197703,00000030,00000600,4706500000600,G6320,S,1532643,0,+35.0589360,-085.2514986,,,,,35932,483,487,1150,345,805,1943.2,10.7,1.1,0.591755915,0.591755915,BlockApportionment:US.BlockGroups,1,143,US,202,46.12,BlockApportionment:US.BlockGroups,1,143,US,1242,8201190.117,BlockApportionment:US.BlockGroups,1,143,US,29581,49,0.058212359,0.000151441
144,47,065,47197703,00000010,00000560,4706500000560,G6320,S,1042892,0,+35.0407052,-085.2570357,,,,,41784,647,586,1305,108,1197,3240.6,11.9,1,0.402660942,0.402660942,BlockApportionment:US.BlockGroups,1,144,US,140,24.39,BlockApportionment:US.BlockGroups,1,144,US,1780,17277208.77,BlockApportionment:US.BlockGroups,1,144,US,30750,51,0.057979993,0.000103026
145,47,065,47197703,00000010,00000550,4706500000550,G6320,S,913737,0,+35.0447311,-085.2610308,,,,,22733,490,466,6018,5081,937,17057.8,16.2,0.8,0.352794834,0.352794834,BlockApportionment:US.BlockGroups,1,145,US,307,54.24,BlockApportionment:US.BlockGroups,1,145,US,1268,14046531.79,BlockApportionment:US.BlockGroups,1,145,US,14759,24,0.043922807,9.02714E-05
146,47,065,47197703,00000010,00000540,4706500000540,G6320,S,494665,0,+35.0358841,-085.2664568,,,,,36321,254,296,2689,2471,218,14078.5,3,1.3,0.190990013,0.190990013,BlockApportionment:US.BlockGroups,1,146,US,34,15.11,BlockApportionment:US.BlockGroups,1,146,US,626,12810967.4,BlockApportionment:US.BlockGroups,1,146,US,26523,44,0.028671983,4.88644E-05
147,47,065,47197703,00000010,00000340,4706500000340,G6320,S,348635,0,+35.0401192,-085.2965666,,,,,58710,258,260,774,392,382,5750.4,6.6,1.3,0.134607689,0.134607689,BlockApportionment:US.BlockGroups,1,147,US,66,33.5,BlockApportionment:US.BlockGroups,1,147,US,647,18785837.37,BlockApportionment:US.BlockGroups,1,147,US,24829,41,0.0363718,3.44408E-05
148,47,065,47197703,00000010,00000230,4706500000230,G6320,S,332055,0,+35.0314183,-085.3065252,,,,,80645,147,197,764,635,129,5959.4,1.7,1.7,0.128206297,0.128206297,BlockApportionment:US.BlockGroups,1,148,US,19,16.24,BlockApportionment:US.BlockGroups,1,148,US,405,12347732.76,BlockApportionment:US.BlockGroups,1,148,US,56755,94,0.029838948,3.27995E-05
149,47,065,47197703,00000010,00000070,4706500000070,G6320,S,254895,109527,+35.0557820,-085.3066602,,,,,68794,389,233,1032,689,343,7334.8,4.7,0.9,0.14070338,0.14070338,BlockApportionment:US.BlockGroups,1,149,US,81,30.92,BlockApportionment:US.BlockGroups,1,149,US,585,16246818.23,BlockApportionment:US.BlockGroups,1,149,US,32906,54,0.023765351,3.60071E-05
150,47,065,47197703,00000010,00000280,4706500000280,G6320,S,337052,267513,+35.0528719,-085.2937656,,,,,65220,82,117,95,9,86,407,8.2,1.6,0.233422959,0.233422959,BlockApportionment:US.BlockGroups,1,150,US,15,20.27,BlockApportionment:US.BlockGroups,1,150,US,135,2260023.875,BlockApportionment:US.BlockGroups,1,150,US,31424,52,0.038940808,5.97339E-05
151,47,065,47197703,00000010,00000270,4706500000270,G6320,S,54485,0,+35.0520247,-085.3018677,,,,,67049,33,40,307,282,25,14619,5.6,1.2,0.02103718,0.02103718,BlockApportionment:US.BlockGroups,1,151,US,8,24.24,BlockApportionment:US.BlockGroups,1,151,US,41,7616059.537,BlockApportionment:US.BlockGroups,1,151,US,32455,54,0.012460893,5.38336E-06
152,47,065,47197703,00000010,00000260,4706500000260,G6320,S,151712,0,+35.0502337,-085.3026125,,,,,65487,88,125,614,293,321,10477.8,7.5,1.5,0.058576227,0.058576227,BlockApportionment:US.BlockGroups,1,152,US,16,19.75,BlockApportionment:US.BlockGroups,1,152,US,539,35959257.29,BlockApportionment:US.BlockGroups,1,152,US,30618,51,0.016605261,1.49892E-05
153,47,065,47197703,00000010,00000250,4706500000250,G6320,S,136575,0,+35.0479926,-085.3037459,,,,,67486,89,116,725,382,343,13757.1,7,1.1,0.052731152,0.052731152,BlockApportionment:US.BlockGroups,1,153,US,30,28.04,BlockApportionment:US.BlockGroups,1,153,US,579,42910773.99,BlockApportionment:US.BlockGroups,1,153,US,31453,52,0.016905841,1.34931E-05
154,47,065,47197703,00000010,00000060,4706500000060,G6320,S,111089,0,+35.0510798,-085.3074144,,,,,68794,23,23,5385,5367,18,125524.5,7.1,0.9,0.042891433,0.042891433,BlockApportionment:US.BlockGroups,1,154,US,8,32,BlockApportionment:US.BlockGroups,1,154,US,32,2915535.611,BlockApportionment:US.BlockGroups,1,154,US,35000,58,0.014124999,1.09757E-05
155,47,065,47197703,00000010,00000030,4706500000030,G6320,S,92079,0,+35.0481012,-085.3082163,,,,,68794,48,31,2555,2441,114,71769.7,4.7,0.9,0.0355521,0.0355521,BlockApportionment:US.BlockGroups,1,155,US,11,32.35,BlockApportionment:US.BlockGroups,1,155,US,673,73978288.45,BlockApportionment:US.BlockGroups,1,155,US,31923,53,0.013169228,9.09726E-06
156,47,065,47197703,00000010,00000300,4706500000300,G6320,S,398815,0,+35.0477558,-085.2947137,,,,,68324,113,191,507,388,119,3292.2,6.5,1.8,0.153982983,0.153982983,BlockApportionment:US.BlockGroups,1,156,US,25,24.04,BlockApportionment:US.BlockGroups,1,156,US,235,5964189.239,BlockApportionment:US.BlockGroups,1,156,US,34465,57,0.030785817,3.94018E-05
157,47,065,47197703,00000010,00000530,4706500000530,G6320,S,1348071,0,+35.0261698,-085.2640196,,,,,54117,409,623,1279,665,614,2457.3,6.8,1.5,0.52049095,0.52049095,BlockApportionment:US.BlockGroups,1,157,US,98,24.02,BlockApportionment:US.BlockGroups,1,157,US,1123,8434037.237,BlockApportionment:US.BlockGroups,1,157,US,31943,53,0.047934442,0.000133151
158,47,065,47197703,00000020,00001070,4706500001070,G6320,S,877842,0,+35.0147183,-085.2664732,,,,,74946,314,454,393,36,357,1159.6,4.6,1.8,0.338933875,0.338933875,BlockApportionment:US.BlockGroups,1,158,US,32,12.7,BlockApportionment:US.BlockGroups,1,158,US,730,8420474.247,BlockApportionment:US.BlockGroups,1,158,US,42241,70,0.040631466,8.66935E-05
159,47,065,47197703,00000030,00001130,4706500001130,G6320,S,2898462,0,+35.0571977,-085.2392993,,,,,50722,699,922,1142,91,1051,1020.5,3.5,1.4,1.119099075,1.119099075,BlockApportionment:US.BlockGroups,1,159,US,142,21.71,BlockApportionment:US.BlockGroups,1,159,US,1779,6211755.9,BlockApportionment:US.BlockGroups,1,159,US,33867,56,0.07283943,0.000286392
160,47,065,47197703,00000100,00001650,4706500001650,G6320,S,1307089,0,+35.1197359,-085.2700431,,,,,59323,542,1131,785,242,543,1555.4,3.4,2,0.504668391,0.504668391,BlockApportionment:US.BlockGroups,1,160,US,45,7.94,BlockApportionment:US.BlockGroups,1,160,US,1249,9663540.657,BlockApportionment:US.BlockGroups,1,160,US,55548,92,0.059492601,0.000129249
161,47,065,47197703,00000010,00000470,4706500000470,G6320,S,990125,0,+35.0307267,-085.2807256,,,,,45546,674,918,1631,483,1148,4266.3,3.4,1.5,0.382288365,0.382288365,BlockApportionment:US.BlockGroups,1,161,US,176,28.25,BlockApportionment:US.BlockGroups,1,161,US,2098,21451593.95,BlockApportionment:US.BlockGroups,1,161,US,31117,51,0.04024825,9.78016E-05
162,47,065,47197703,00000010,00002990,4706500002990,G6320,S,921748,0,+35.0191603,-085.2732840,,,,,31764,266,368,1118,614,504,3141.3,7,0.9,0.355887796,0.355887796,BlockApportionment:US.BlockGroups,1,162,US,124,29.81,BlockApportionment:US.BlockGroups,1,162,US,818,8985571.673,BlockApportionment:US.BlockGroups,1,162,US,22604,37,0.042356324,9.10348E-05
163,47,065,47197703,00000020,00001030,4706500001030,G6320,S,384211,0,+35.0128520,-085.2787584,,,,,19895,437,359,1437,727,710,9689.8,17.5,0.8,0.148344929,0.148344929,BlockApportionment:US.BlockGroups,1,163,US,236,54.25,BlockApportionment:US.BlockGroups,1,163,US,1082,28516285.81,BlockApportionment:US.BlockGroups,1,163,US,15357,25,0.024948786,3.79432E-05
164,47,065,47197703,00000020,00000980,4706500000980,G6320,S,1137113,0,+35.0085773,-085.2859063,,,,,29638,510,541,2460,1523,937,5603.6,15.3,1.1,0.43903996,0.43903996,BlockApportionment:US.BlockGroups,1,164,US,228,46.34,BlockApportionment:US.BlockGroups,1,164,US,1511,13456158.82,BlockApportionment:US.BlockGroups,1,164,US,20281,33,0.045979862,0.000112291
165,47,065,47197703,00000020,00000970,4706500000970,G6320,S,597025,0,+35.0155538,-085.2870812,,,,,39768,243,319,1015,602,413,4403.5,13.3,1.4,0.230511943,0.230511943,BlockApportionment:US.BlockGroups,1,165,US,86,37.89,BlockApportionment:US.BlockGroups,1,165,US,702,11906058.03,BlockApportionment:US.BlockGroups,1,165,US,28926,48,0.033627612,5.89616E-05
166,47,065,47197703,00000010,00000460,4706500000460,G6320,S,1301855,0,+35.0224054,-085.2848363,,,,,51925,504,581,2217,1046,1171,4411.1,4.4,1.5,0.502647438,0.502647438,BlockApportionment:US.BlockGroups,1,166,US,121,30.87,BlockApportionment:US.BlockGroups,1,166,US,1935,15048945.65,BlockApportionment:US.BlockGroups,1,166,US,29307,48,0.048043889,0.00012858
167,47,065,47197703,00000080,00000780,4706500000780,G6320,S,1836274,0,+35.1126968,-085.2753176,,,,,52678,658,1156,1301,538,763,1835,1.1,1.6,0.708986496,0.708986496,BlockApportionment:US.BlockGroups,1,167,US,41,5.81,BlockApportionment:US.BlockGroups,1,167,US,1562,8603196.801,BlockApportionment:US.BlockGroups,1,167,US,46533,77,0.075044541,0.00018156
168,47,065,47197703,00000080,00000770,4706500000770,G6320,S,2435875,0,+35.1080431,-085.2584388,,,,,69129,769,1080,1166,431,735,1239.8,7.4,2.2,0.94049325,0.94049325,BlockApportionment:US.BlockGroups,1,168,US,44,8.85,BlockApportionment:US.BlockGroups,1,168,US,1683,6988268.461,BlockApportionment:US.BlockGroups,1,168,US,53409,88,0.073412743,0.000240832
169,47,065,47197703,00000080,00000760,4706500000760,G6320,S,3550633,930279,+35.0913456,-085.2759514,,,,,253246,414,0,967,265,702,558.9,2,0,1.730082187,1.730082187,BlockApportionment:US.BlockGroups,1,169,US,18,5.45,BlockApportionment:US.BlockGroups,1,169,US,1095,2472017.895,BlockApportionment:US.BlockGroups,1,169,US,174931,289,0.145013198,0.000442958
170,47,065,47197703,00000020,00000850,4706500000850,G6320,S,19745600,0,+35.0019113,-085.4206168,,,,,135146,438,737,835,255,580,109.5,0,1.7,7.623801728,7.623801728,BlockApportionment:US.BlockGroups,1,170,US,0,0,BlockApportionment:US.BlockGroups,1,170,US,950,487245.053,BlockApportionment:US.BlockGroups,1,170,US,108967,180,0.248580877,0.001949738
171,47,065,47197703,00000110,00001920,4706500001920,G6320,S,5134491,3106441,+35.1286401,-085.1908628,,,,,154259,891,2559,1272,63,1209,399.8,3.2,2.7,3.181828465,3.181828465,BlockApportionment:US.BlockGroups,1,171,US,20,2.09,BlockApportionment:US.BlockGroups,1,171,US,2359,2894550.958,BlockApportionment:US.BlockGroups,1,171,US,115761,191,0.134080637,0.00081498
172,47,065,47197703,00000110,00001900,4706500001900,G6320,S,3281578,0,+35.1341892,-085.2300603,,,,,78828,370,462,3862,3475,387,3048.1,2.7,1.4,1.267018181,1.267018181,BlockApportionment:US.BlockGroups,1,172,US,15,4.7,BlockApportionment:US.BlockGroups,1,172,US,717,2209228.106,BlockApportionment:US.BlockGroups,1,172,US,50742,84,0.115568629,0.000324548
173,47,065,47197703,00000100,00001620,4706500001620,G6320,S,626457,0,+35.1241459,-085.2449983,,,,,41602,499,445,1576,717,859,6515.1,10.1,1.4,0.241875582,0.241875582,BlockApportionment:US.BlockGroups,1,173,US,51,15.6,BlockApportionment:US.BlockGroups,1,173,US,1181,19064030.47,BlockApportionment:US.BlockGroups,1,173,US,28081,46,0.035399627,6.19491E-05
174,47,065,47197703,00000110,00001600,4706500001600,G6320,S,4345847,0,+35.1202212,-085.2217599,,,,,86821,400,653,584,112,472,348.1,3.1,1.5,1.677934803,1.677934803,BlockApportionment:US.BlockGroups,1,174,US,19,4.45,BlockApportionment:US.BlockGroups,1,174,US,914,2126907.067,BlockApportionment:US.BlockGroups,1,174,US,55979,92,0.096660499,0.000429732
175,47,065,47197703,00000110,00001590,4706500001590,G6320,S,2070217,1310631,+35.1113446,-085.2083669,,,,,116902,1138,937,875,111,764,670.3,2.4,1.9,1.305347166,1.305347166,BlockApportionment:US.BlockGroups,1,175,US,15,2.99,BlockApportionment:US.BlockGroups,1,175,US,2083,6231329.016,BlockApportionment:US.BlockGroups,1,175,US,102516,169,0.113508721,0.000334279
176,47,065,47197703,00000100,00001640,4706500001640,G6320,S,1785970,0,+35.1323620,-085.2596214,,,,,60635,897,1396,1089,50,1039,1579.2,3.7,1.7,0.689564175,0.689564175,BlockApportionment:US.BlockGroups,1,176,US,197,23.65,BlockApportionment:US.BlockGroups,1,176,US,2275,12880138.5,BlockApportionment:US.BlockGroups,1,176,US,50583,84,0.060007068,0.000176629
177,47,065,47197703,00000020,00000990,4706500000990,G6320,S,460941,0,+35.0023169,-085.2865883,,,,,35129,296,524,923,209,714,5185.4,16.4,1.3,0.1779711,0.1779711,BlockApportionment:US.BlockGroups,1,177,US,193,47.19,BlockApportionment:US.BlockGroups,1,177,US,1006,22102521.54,BlockApportionment:US.BlockGroups,1,177,US,27250,45,0.030313148,4.55152E-05
178,47,065,47197703,00000010,00000520,4706500000520,G6320,S,565848,0,+35.0295077,-085.2717772,,,,,32446,387,477,1032,218,814,4723.1,10.8,1.2,0.218473335,0.218473335,BlockApportionment:US.BlockGroups,1,178,US,143,35.84,BlockApportionment:US.BlockGroups,1,178,US,1314,23509773.81,BlockApportionment:US.BlockGroups,1,178,US,22832,38,0.038198798,5.58916E-05
179,47,065,47197703,00000030,00000630,4706500000630,G6320,S,2823562,668713,+35.0952790,-085.2492015,,,,,0,0,0,2380,2380,0,1765.1,0,0,1.348370694,1.348370694,BlockApportionment:US.BlockGroups,1,179,US,0,0,BlockApportionment:US.BlockGroups,1,179,US,0,0,BlockApportionment:US.BlockGroups,1,179,US,0,0,0.096420494,0.000345225
180,47,065,47197703,00000010,00000570,4706500000570,G6320,S,2116090,828016,+35.0730619,-085.2743307,,,,,0,0,0,1275,1275,0,1121.7,0,0,1.136721684,1.136721684,BlockApportionment:US.BlockGroups,1,180,US,0,0,BlockApportionment:US.BlockGroups,1,180,US,0,0,BlockApportionment:US.BlockGroups,1,180,US,0,0,0.115815338,0.000290956
181,47,065,47197703,00000030,00001190,4706500001190,G6320,S,3530734,0,+35.0554429,-085.2242990,,,,,44151,643,1002,987,69,918,724,5.3,1.6,1.363218632,1.363218632,BlockApportionment:US.BlockGroups,1,181,US,183,28.33,BlockApportionment:US.BlockGroups,1,181,US,1499,4296870.36,BlockApportionment:US.BlockGroups,1,181,US,35785,59,0.114514026,0.000348859
182,47,065,47197703,00000010,00000580,4706500000580,G6320,S,1907853,0,+35.0716841,-085.2641115,,,,,46011,158,393,2665,2475,190,3618,6.6,1.5,0.736622139,0.736622139,BlockApportionment:US.BlockGroups,1,182,US,18,7.06,BlockApportionment:US.BlockGroups,1,182,US,359,1904061.474,BlockApportionment:US.BlockGroups,1,182,US,38579,64,0.077032745,0.000188544
183,47,065,47197703,00000010,00000440,4706500000440,G6320,S,686703,0,+35.0339433,-085.2900650,,,,,44262,36,49,546,449,97,2059.6,6.7,1.4,0.265135199,0.265135199,BlockApportionment:US.BlockGroups,1,183,US,10,28.57,BlockApportionment:US.BlockGroups,1,183,US,169,2491424.3,BlockApportionment:US.BlockGroups,1,183,US,35000,58,0.033119563,6.78327E-05
184,47,065,47197703,00000010,00000500,4706500000500,G6320,S,776526,0,+35.0439189,-085.2721241,,,,,34039,582,638,1189,330,859,3966,14.7,1,0.299818802,0.299818802,BlockApportionment:US.BlockGroups,1,184,US,185,30.18,BlockApportionment:US.BlockGroups,1,184,US,1442,18796747.52,BlockApportionment:US.BlockGroups,1,184,US,26544,44,0.03865202,7.67154E-05
185,47,065,47197703,00000100,00001660,4706500001660,G6320,S,1321867,0,+35.1274870,-085.2709785,,,,,83385,541,1127,821,117,704,1608.5,10.1,1.7,0.510373218,0.510373218,BlockApportionment:US.BlockGroups,1,185,US,111,17,BlockApportionment:US.BlockGroups,1,185,US,1376,10526158.73,BlockApportionment:US.BlockGroups,1,185,US,55850,92,0.056109435,0.000130722
186,47,065,47197703,00000100,00001630,4706500001630,G6320,S,2296845,0,+35.1265757,-085.2523265,,,,,66605,848,0,3099,1858,1241,3494.6,4.5,0,0.886813477,0.886813477,BlockApportionment:US.BlockGroups,1,186,US,138,16.07,BlockApportionment:US.BlockGroups,1,186,US,1888,8312158.763,BlockApportionment:US.BlockGroups,1,186,US,53933,89,0.07131535,0.000227137
187,47,065,47197703,00000100,00001700,4706500001700,G6320,S,6024009,0,+35.1226921,-085.3232498,,,,,49764,1003,1414,1043,173,870,448.4,1.4,1.3,2.325872954,2.325872954,BlockApportionment:US.BlockGroups,1,187,US,210,18.63,BlockApportionment:US.BlockGroups,1,187,US,1907,3201320.511,BlockApportionment:US.BlockGroups,1,187,US,35758,59,0.148758526,0.000595692
188,47,065,47197703,00000100,00001680,4706500001680,G6320,S,2960150,0,+35.1359866,-085.2885281,,,,,59168,513,963,880,223,657,770,8.8,1.6,1.142915484,1.142915484,BlockApportionment:US.BlockGroups,1,188,US,113,18.34,BlockApportionment:US.BlockGroups,1,188,US,1118,3818761.32,BlockApportionment:US.BlockGroups,1,188,US,41005,68,0.098583409,0.000292765
189,47,065,47197703,00000100,00001670,4706500001670,G6320,S,1120061,0,+35.1284919,-085.2804241,,,,,53483,554,919,686,135,551,1586.1,0,1.7,0.432456145,0.432456145,BlockApportionment:US.BlockGroups,1,189,US,54,9.94,BlockApportionment:US.BlockGroups,1,189,US,1146,10346099.18,BlockApportionment:US.BlockGroups,1,189,US,45822,76,0.05670214,0.000110766
190,47,065,47197703,00000100,00001690,4706500001690,G6320,S,788093,0,+35.1273698,-085.3030168,,,,,69291,439,781,491,95,396,1613.5,1.1,1.7,0.304283291,0.304283291,BlockApportionment:US.BlockGroups,1,190,US,21,4.6,BlockApportionment:US.BlockGroups,1,190,US,842,10803735.87,BlockApportionment:US.BlockGroups,1,190,US,45101,74,0.042982157,7.7936E-05
191,47,065,47197703,00000100,00001810,4706500001810,G6320,S,10222949,3938,+35.1517535,-085.2954617,,,,,79721,496,643,688,23,665,174.2,5.8,1.8,3.948605855,3.948605855,BlockApportionment:US.BlockGroups,1,191,US,34,9.63,BlockApportionment:US.BlockGroups,1,191,US,1330,1314523.819,BlockApportionment:US.BlockGroups,1,191,US,54727,90,0.20784498,0.001011773
192,47,065,47197703,00000080,00000690,4706500000690,G6320,S,1612081,0,+35.0756061,-085.2940380,,,,,94869,1344,1966,1236,245,991,1985.9,1.2,1.7,0.622425263,0.622425263,BlockApportionment:US.BlockGroups,1,192,US,129,11.37,BlockApportionment:US.BlockGroups,1,192,US,2753,17279444.95,BlockApportionment:US.BlockGroups,1,192,US,66021,109,0.057819887,0.000159322
193,47,065,47197703,00000080,00000750,4706500000750,G6320,S,2646950,0,+35.0985520,-085.2868061,,,,,77333,1041,1928,1245,126,1119,1218.2,6.2,1.9,1.021989092,1.021989092,BlockApportionment:US.BlockGroups,1,193,US,222,21.57,BlockApportionment:US.BlockGroups,1,193,US,2226,8506868.156,BlockApportionment:US.BlockGroups,1,193,US,49739,82,0.080276594,0.000261671
194,47,065,47197703,00000080,00000740,4706500000740,G6320,S,2654932,0,+35.1054982,-085.2938482,,,,,53726,963,1333,1425,398,1027,1390.1,5.7,1.4,1.025071535,1.025071535,BlockApportionment:US.BlockGroups,1,194,US,171,18.55,BlockApportionment:US.BlockGroups,1,194,US,2090,7962447.262,BlockApportionment:US.BlockGroups,1,194,US,33115,55,0.093091065,0.000262482
195,47,065,47197703,00000080,00000720,4706500000720,G6320,S,2741308,0,+35.0951085,-085.3143027,,,,,44631,1210,1656,1794,548,1246,1695,0.7,1.6,1.05841851,1.05841851,BlockApportionment:US.BlockGroups,1,195,US,130,12.62,BlockApportionment:US.BlockGroups,1,195,US,2591,9561340.879,BlockApportionment:US.BlockGroups,1,195,US,34180,56,0.069841951,0.000270987
196,47,065,47197703,00000080,00000710,4706500000710,G6320,S,1914883,0,+35.0848501,-085.3090613,,,,,71744,492,779,484,101,383,654.7,2.1,1.6,0.739337468,0.739337468,BlockApportionment:US.BlockGroups,1,196,US,175,36.01,BlockApportionment:US.BlockGroups,1,196,US,985,5204223.969,BlockApportionment:US.BlockGroups,1,196,US,42875,71,0.07011663,0.000189269
197,47,065,47197703,00000100,00001710,4706500001710,G6320,S,3621440,0,+35.1214679,-085.3383988,,,,,181802,815,1740,1222,113,1109,874,1.7,2.3,1.398240553,1.398240553,BlockApportionment:US.BlockGroups,1,197,US,44,5.75,BlockApportionment:US.BlockGroups,1,197,US,2141,5978684.614,BlockApportionment:US.BlockGroups,1,197,US,126335,209,0.096962235,0.000358106
198,47,065,47197703,00000100,00001720,4706500001720,G6320,S,3236501,8132,+35.1239002,-085.3578585,,,,,133314,938,1038,1757,509,1248,1402.5,4.2,1.6,1.252754852,1.252754852,BlockApportionment:US.BlockGroups,1,198,US,19,2.99,BlockApportionment:US.BlockGroups,1,198,US,1999,6230268.393,BlockApportionment:US.BlockGroups,1,198,US,83840,138,0.086293716,0.000320853
199,47,065,47197703,00000080,00000810,4706500000810,G6320,S,8038969,768242,+35.1095886,-085.3579742,,,,,74503,257,441,897,562,335,263.8,6.2,1.7,3.400470492,3.400470492,BlockApportionment:US.BlockGroups,1,199,US,60,23.17,BlockApportionment:US.BlockGroups,1,199,US,689,791244.3687,BlockApportionment:US.BlockGroups,1,199,US,46973,78,0.255517838,0.00087078
200,47,065,47197703,00000090,00002510,4706500002510,G6320,S,6993805,0,+35.1089379,-085.0740297,,,,,163371,442,890,899,353,546,332.9,0.7,2.5,2.700312097,2.700312097,BlockApportionment:US.BlockGroups,1,200,US,0,0,BlockApportionment:US.BlockGroups,1,200,US,1260,1822187.341,BlockApportionment:US.BlockGroups,1,200,US,118623,196,0.132372523,0.000691477
201,47,065,47197703,00000090,00002760,4706500002760,G6320,S,8989690,0,+35.1247035,-085.0571881,,,,,132275,881,0,1643,330,1313,473.4,1.4,0,3.470925577,3.470925577,BlockApportionment:US.BlockGroups,1,201,US,0,0,BlockApportionment:US.BlockGroups,1,201,US,2544,2861710.669,BlockApportionment:US.BlockGroups,1,201,US,103533,171,0.145470241,0.000888979
202,47,065,47197703,00000050,00001950,4706500001950,G6320,S,2809750,3008333,+35.1190152,-085.1725568,,,,,93622,281,0,262,30,232,116.6,1,0,2.246365898,2.246365898,BlockApportionment:US.BlockGroups,1,202,US,9,2.88,BlockApportionment:US.BlockGroups,1,202,US,785,1364493.91,BlockApportionment:US.BlockGroups,1,202,US,93002,154,0.132528532,0.000575305
203,47,065,47197703,00000090,00002240,4706500002240,G6320,S,4743960,6051001,+35.1459115,-085.1270758,,,,,89408,914,1775,1671,347,1324,400.9,5.8,1.9,4.167940753,4.167940753,BlockApportionment:US.BlockGroups,1,203,US,53,5.6,BlockApportionment:US.BlockGroups,1,203,US,2316,2169244.499,BlockApportionment:US.BlockGroups,1,203,US,76940,127,0.169846307,0.001067653
204,47,065,47197703,00000050,00001960,4706500001960,G6320,S,4407527,2122497,+35.1402905,-085.1534992,,,,,98478,579,0,616,38,578,244.3,1.4,0,2.521247069,2.521247069,BlockApportionment:US.BlockGroups,1,204,US,5,0.84,BlockApportionment:US.BlockGroups,1,204,US,1457,2255905.464,BlockApportionment:US.BlockGroups,1,204,US,79679,132,0.114144546,0.00064586
205,47,065,47197703,00000050,00001970,4706500001970,G6320,S,3608811,257042,+35.1132889,-085.1580486,,,,,45803,775,898,896,36,860,600.3,0,1.4,1.492607627,1.492607627,BlockApportionment:US.BlockGroups,1,205,US,114,17.43,BlockApportionment:US.BlockGroups,1,205,US,1772,4635866.752,BlockApportionment:US.BlockGroups,1,205,US,37447,62,0.10021812,0.000382237
206,47,065,47197703,00000090,00002230,4706500002230,G6320,S,5777394,0,+35.1148286,-085.1244941,,,,,62778,621,0,1456,487,969,652.7,9,0,2.230656157,2.230656157,BlockApportionment:US.BlockGroups,1,206,US,42,7.54,BlockApportionment:US.BlockGroups,1,206,US,1706,2986427.777,BlockApportionment:US.BlockGroups,1,206,US,54702,90,0.137760761,0.000571251
207,47,065,47197703,00000030,00001370,4706500001370,G6320,S,4067132,0,+35.0321415,-085.2038980,,,,,38911,93,0,1309,1215,94,833.6,2.3,0,1.570323328,1.570323328,BlockApportionment:US.BlockGroups,1,207,US,19,27.94,BlockApportionment:US.BlockGroups,1,207,US,219,545120.8677,BlockApportionment:US.BlockGroups,1,207,US,32398,54,0.0858072,0.000401746
208,47,065,47197703,00000080,00000660,4706500000660,G6320,S,1289379,0,+35.0721471,-085.3128087,,,,,68444,490,830,2479,1915,564,4979.9,1,1.4,0.49782988,0.49782988,BlockApportionment:US.BlockGroups,1,208,US,90,15.03,BlockApportionment:US.BlockGroups,1,208,US,1234,9684184.77,BlockApportionment:US.BlockGroups,1,208,US,44748,74,0.053213725,0.000127424
209,47,065,47197703,00000030,00001110,4706500001110,G6320,S,1603559,0,+35.0318596,-085.2494046,,,,,76856,925,1290,1211,261,950,1956.1,5.2,1.5,0.619134747,0.619134747,BlockApportionment:US.BlockGroups,1,209,US,138,16.03,BlockApportionment:US.BlockGroups,1,209,US,2067,13049520.42,BlockApportionment:US.BlockGroups,1,209,US,34219,57,0.055865881,0.000158397
210,47,065,47197703,00000030,00001290,4706500001290,G6320,S,1018152,0,+35.0122229,-085.2361529,,,,,87972,534,0,877,409,468,2231,2.1,0,0.393108778,0.393108778,BlockApportionment:US.BlockGroups,1,210,US,0,0,BlockApportionment:US.BlockGroups,1,210,US,1222,12153465.89,BlockApportionment:US.BlockGroups,1,210,US,63126,104,0.04205684,0.000100547
211,47,065,47197703,00000030,00001400,4706500001400,G6320,S,728297,0,+35.0079627,-085.2251309,,,,,50115,560,695,865,247,618,3076.1,5.4,1.4,0.281195914,0.281195914,BlockApportionment:US.BlockGroups,1,211,US,96,18.68,BlockApportionment:US.BlockGroups,1,211,US,1336,18576391.17,BlockApportionment:US.BlockGroups,1,211,US,37237,61,0.034876871,7.19192E-05
212,47,065,47197703,00000030,00001220,4706500001220,G6320,S,727989,0,+35.0253947,-085.2401340,,,,,62834,334,497,642,319,323,2283.9,4.7,1.5,0.281077371,0.281077371,BlockApportionment:US.BlockGroups,1,212,US,62,19.02,BlockApportionment:US.BlockGroups,1,212,US,725,10082891.83,BlockApportionment:US.BlockGroups,1,212,US,41089,68,0.033428641,7.1904E-05
213,47,065,47197703,00000030,00001210,4706500001210,G6320,S,1177136,0,+35.0339829,-085.2355007,,,,,56925,643,0,856,9,847,1883.4,0.4,0,0.454493222,0.454493222,BlockApportionment:US.BlockGroups,1,213,US,20,4.09,BlockApportionment:US.BlockGroups,1,213,US,1597,13734273.08,BlockApportionment:US.BlockGroups,1,213,US,45861,76,0.045164027,0.000116278
214,47,065,47197703,00000030,00001460,4706500001460,G6320,S,1734628,0,+35.0141763,-085.1944895,,,,,66815,783,1041,2288,1634,654,3416.5,1.6,1.5,0.669741317,0.669741317,BlockApportionment:US.BlockGroups,1,214,US,108,15.34,BlockApportionment:US.BlockGroups,1,214,US,1377,8038191.461,BlockApportionment:US.BlockGroups,1,214,US,41731,69,0.072676078,0.000171307
215,47,065,47197703,00000030,00001380,4706500001380,G6320,S,1255860,0,+35.0327871,-085.1895999,,,,,43445,364,316,1932,1439,493,3984.3,3,1.5,0.484887935,0.484887935,BlockApportionment:US.BlockGroups,1,215,US,43,19.91,BlockApportionment:US.BlockGroups,1,215,US,1024,8254542.174,BlockApportionment:US.BlockGroups,1,215,US,35676,59,0.058099606,0.000124053
216,47,065,47197703,00000030,00001470,4706500001470,G6320,S,2280231,0,+35.0229771,-085.1886412,,,,,44967,1210,1595,3902,2843,1059,4432.1,1.7,1.6,0.88039948,0.88039948,BlockApportionment:US.BlockGroups,1,216,US,196,19.66,BlockApportionment:US.BlockGroups,1,216,US,2504,11118344.92,BlockApportionment:US.BlockGroups,1,216,US,37868,63,0.07383923,0.000225213
217,47,065,47197703,00000050,00001570,4706500001570,G6320,S,2553235,1436816,+35.0933270,-085.1996310,,,,,77975,925,1538,1396,439,957,906.1,2.8,1.8,1.540558826,1.540558826,BlockApportionment:US.BlockGroups,1,217,US,124,14.83,BlockApportionment:US.BlockGroups,1,217,US,2175,5514152.494,BlockApportionment:US.BlockGroups,1,217,US,45297,75,0.120622063,0.00039444
218,47,065,47197703,00000050,00001560,4706500001560,G6320,S,2118697,0,+35.0820266,-085.1927484,,,,,55511,1297,1789,2217,875,1342,2710.3,2.9,1.8,0.818030873,0.818030873,BlockApportionment:US.BlockGroups,1,218,US,166,16.24,BlockApportionment:US.BlockGroups,1,218,US,2897,13834262.97,BlockApportionment:US.BlockGroups,1,218,US,42077,69,0.070836256,0.000209408
219,47,065,47197703,00000030,00001200,4706500001200,G6320,S,855259,0,+35.0421435,-085.2328800,,,,,52847,290,551,496,51,445,1502.1,6.6,1.8,0.330215826,0.330215826,BlockApportionment:US.BlockGroups,1,219,US,41,13.36,BlockApportionment:US.BlockGroups,1,219,US,776,9184370.98,BlockApportionment:US.BlockGroups,1,219,US,40000,66,0.044301372,8.44914E-05
220,47,065,47197703,00000030,00001330,4706500001330,G6320,S,1108901,0,+35.0331094,-085.2247895,,,,,61760,517,0,720,90,630,1681.9,6.4,0,0.428147381,0.428147381,BlockApportionment:US.BlockGroups,1,220,US,46,9.66,BlockApportionment:US.BlockGroups,1,220,US,1310,11959436.98,BlockApportionment:US.BlockGroups,1,220,US,43683,72,0.045335955,0.000109537
221,47,065,47197703,00000030,00001320,4706500001320,G6320,S,476928,0,+35.0267732,-085.2278795,,,,,38627,333,0,471,6,465,2558.4,7.5,0,0.184142619,0.184142619,BlockApportionment:US.BlockGroups,1,221,US,100,31.75,BlockApportionment:US.BlockGroups,1,221,US,849,18022671.48,BlockApportionment:US.BlockGroups,1,221,US,34042,56,0.03270455,4.71073E-05
222,47,065,47197703,00000030,00001230,4706500001230,G6320,S,924227,0,+35.0174393,-085.2454479,,,,,62995,587,705,667,145,522,1869.4,2.5,1.6,0.35684404,0.35684404,BlockApportionment:US.BlockGroups,1,222,US,86,19.24,BlockApportionment:US.BlockGroups,1,222,US,1254,13738318.12,BlockApportionment:US.BlockGroups,1,222,US,48304,80,0.037576846,9.12775E-05
223,47,065,47197703,00000010,00000320,4706500000320,G6320,S,349877,0,+35.0429422,-085.2878483,,,,,37288,82,91,344,247,97,2546.3,6,1.2,0.13508778,0.13508778,BlockApportionment:US.BlockGroups,1,223,US,29,36.71,BlockApportionment:US.BlockGroups,1,223,US,206,5959812.095,BlockApportionment:US.BlockGroups,1,223,US,22509,37,0.025549464,3.45648E-05
