No,TAZCE10,2019 Average Household Income,2019 Total Households,ACS Aggregate Number of Vehicles,2019 Total Daytime Population,2019 Daytime Pop: Workers,2019 Daytime Pop: Residents,2019 Daytime Pop Density,2019 Unemployment Rate,ACS Average Number of Vehicles,Shape_Area_sqmi,ACS HHs: Inc Below Poverty Level,ACS HHs: Inc Below Poverty Level: Percent,2019 Total Population,total_population_density,2019 Median Household Income,2019 Median Household Income: Index,Undeveloped_Land_Cell,Developed_land_Cell,Undeveloped_Area_sqmi,Developed_Area_sqmi,Undev_by_total_per_sqmi,Dev_by_total_per_sqmi,SUM_PASSENGERS_ON,SUM_PASSENGERS_OFF,Net_Passengers
1,1530,44245,50,131,1800,1733,67,3169,3.2,2,0.56799803,14,21.21,127,873555.5297,30290,50,124,1509,0.04308876,0.52436241,0.07586075607,0.9231764589,0,0,0
2,1540,45100,66,71,1047,958,89,2879.5,1.6,1.4,0.363602172,14,28,149,1600955.384,37570,62,7,1040,0.00243243,0.3613896,0.006689811523,0.9939148548,0,3,3
3,1350,44806,273,291,1937,1527,410,1586.1,0.7,1.4,1.221222338,56,27.32,682,2182140.542,37659,62,930,2591,0.3231657,0.90034659,0.2646247861,0.737250345,33,29,4
4,1510,0,0,0,1338,1338,0,6747.4,0,0,0.198323024,0,0,0,0,0,0,1,568,0.00034749,0.19737432,0.001752141496,0.9952163698,15,17,2
5,1360,46752,105,77,2111,1949,162,2109.5,3.1,1.5,1.000698415,6,11.76,316,1234068.795,37141,61,319,2560,0.11084931,0.8895744,0.1107719452,0.8889535415,18,23,5
6,640,65534,207,537,1728,1523,205,454.5,4.1,1.6,3.802037996,43,12.95,504,518039.7723,47411,78,7476,3460,2.59783524,1.2023154,0.6832744025,0.3162291911,0,0,0
7,130,0,0,0,1263,1263,0,1891,0,0,0.667905139,0,0,0,0,0,0,734,1187,0.25505766,0.41247063,0.3818770737,0.617558701,42,49,7
8,370,14518,187,0,1114,901,213,1611.5,0,0,0.691325746,139,67.15,321,1815080.121,10389,17,106,1876,0.03683394,0.65189124,0.0532801508,0.9429581406,158,166,8
9,870,57862,156,217,972,811,161,1169,1.1,1.7,0.831463403,16,12.4,342,1608254.771,46820,77,1560,831,0.5420844,0.28876419,0.6519642332,0.3472963319,98,123,25
10,920,22444,67,79,1403,1271,132,2017.5,1.5,1.2,0.695353938,30,44.78,200,1124443.949,15753,26,68,1940,0.02362932,0.6741306,0.03398171594,0.9694783666,88,56,32
11,490,33684,351,387,1567,1158,409,6201,6.2,1.1,0.252724589,137,37.95,813,12573126.31,20468,34,0,728,0,0.25297272,0,1.000981824,416,441,25
12,480,49452,312,353,674,348,326,5249.2,5,1.6,0.128448616,73,32.3,802,24404188.44,31219,52,0,370,0,0.1285713,0,1.000955121,299,355,56
13,1390,48922,471,826,1261,631,630,2263.1,6.4,1.7,0.557153767,69,13.83,1203,8441381.422,35152,58,130,1471,0.0451737,0.51115779,0.08107941232,0.9174447348,370,416,46
14,1450,50142,78,97,3451,3344,107,7028.5,5.1,1.3,0.491035949,13,18.06,237,1887095.297,37121,61,147,1270,0.05108103,0.4413123,0.1040270679,0.8987372531,975,906,69
15,1170,102409,331,702,585,158,427,446.6,5.2,2.3,1.310041927,7,2.27,787,2346373.082,65534,108,2072,1701,0.71999928,0.59108049,0.5496001808,0.4511920404,0,0,0
16,1160,102537,94,199,1358,1240,118,1168.9,4.7,2.3,1.161837272,2,2.27,219,736261.394,65340,108,1644,1701,0.57127356,0.59108049,0.4916984278,0.508746366,1,10,9
17,1150,47331,506,702,787,69,718,970,4.6,1.7,0.811304785,133,31.37,1303,6273930.67,36262,60,819,1519,0.28459431,0.52783731,0.350785938,0.650602979,2,2,0
18,3000,41005,930,1308,1986,497,1489,2852.6,5.5,1.4,0.696243752,356,38.03,2558,14353813.99,30051,50,271,1731,0.09416979,0.60150519,0.135254054,0.863929031,213,153,60
19,1180,44840,362,386,685,145,540,852.1,0.8,1.4,0.803930418,74,27.11,909,4417371.819,37658,62,1131,1181,0.39301119,0.41038569,0.4888621965,0.5104741416,1,10,9
20,2130,102644,732,1332,910,162,748,640.7,2,1.8,1.420265587,121,16.78,1686,4642257.508,64524,107,2248,1846,0.78115752,0.64146654,0.5500080599,0.451652526,0,0,0
21,2740,104964,835,1587,2411,1148,1263,355.2,2.3,2,6.787939636,69,8.6,2231,1283648.253,64776,107,13784,5738,4.78980216,1.99389762,0.7056341713,0.2937412126,0,0,0
22,2520,83057,880,1354,2404,1466,938,1197.3,0.5,1.9,2.007874567,110,15.8,2173,4228105.682,76771,127,2468,3307,0.85760532,1.14914943,0.4271209637,0.5723213237,0,0,0
23,2090,75651,503,1001,2352,1868,484,2609,0.3,1.8,0.90151473,0,0,1109,4809173.988,59728,99,440,2154,0.1528956,0.74849346,0.16959856,0.8302620413,16,6,10
24,2160,83847,781,937,1334,399,935,1039.4,7.9,1.8,1.283396843,69,13.35,1912,5824785.168,55435,92,1318,2378,0.45799182,0.82633122,0.3568590826,0.6438625936,6,6,0
25,2120,73275,1359,1710,1494,681,813,1784.3,0.7,1.5,0.837347377,38,3.41,2636,12308845.59,53785,89,933,1472,0.32420817,0.51150528,0.387184792,0.6108638948,16,6,10
26,2080,73817,1220,1745,3402,2373,1029,3388.4,2.8,1.6,1.004013466,251,23.68,2465,9596721.091,57028,94,307,2584,0.10667943,0.89791416,0.1062529872,0.8943248178,319,88,231
27,2180,103309,727,1303,1132,35,1097,1312.6,1.2,2,0.862381314,0,0,2092,9482834.533,92032,152,693,1789,0.24081057,0.62165961,0.2792390861,0.7208639611,0,0,0
28,2170,85575,436,734,623,95,528,655.9,2.9,1.9,0.949788745,8,2.07,1151,4737842.791,70957,117,1573,1155,0.54660177,0.40135095,0.5754982599,0.4225686524,0,0,0
29,2200,120275,776,1522,2404,1237,1167,1632.2,0.8,2,1.472892956,19,2.45,1753,4650817.342,70713,117,1922,2316,0.66787578,0.80478684,0.453444887,0.5463987296,0,0,0
30,2540,54486,399,587,805,144,661,657.9,0,1.8,1.223615775,82,24.62,1102,3519118.722,52172,86,1624,1890,0.56432376,0.6567561,0.4611935965,0.536733927,0,0,0
31,2560,109888,495,531,1575,784,791,2304,2.4,1.4,0.683611171,43,11.08,1230,7030916.88,76018,126,602,1364,0.20918898,0.47397636,0.3060057952,0.6933420343,0,0,0
32,2530,88345,326,1089,529,143,386,710.4,0,2.1,0.744590423,52,10.16,945,4958227.519,82454,136,452,1693,0.15706548,0.58830057,0.2109421168,0.7900995659,0,0,0
33,2220,90659,889,0,2081,908,1173,395.7,2.8,0,5.259002403,18,2.36,2562,1902828.009,76127,126,11816,3316,4.10594184,1.15227684,0.780745382,0.219105593,0,0,0
34,610,44059,3,7,2360,2353,7,2319.9,0,1.4,1.017261308,0,0,15,57599.89065,42500,70,628,2306,0.21822372,0.80131194,0.2145208102,0.7877149496,18,18,0
35,290,30335,114,93,18598,18363,235,28080.9,18.8,0.9,0.662280728,37,35.92,340,2006204.123,24661,41,107,1791,0.03718143,0.62235459,0.05614149473,0.9397141781,705,821,116
36,2310,96930,670,1349,1018,147,871,643.7,4.9,2,1.581575566,24,3.57,1709,4216406.361,81301,134,2483,2066,0.86281767,0.71791434,0.5455431208,0.4539235149,0,0,0
37,1930,121781,1059,0,1599,212,1387,1236.9,0,0,1.2927047,0,0,2614,7891857.133,93323,154,613,3100,0.21301137,1.077219,0.1647796051,0.8333063228,0,0,0
38,2110,100404,886,1398,1080,173,907,1002.7,4.8,1.9,1.077087138,24,3.31,2073,7525045.503,61337,101,1102,1992,0.38293398,0.69220008,0.355527391,0.6426593129,0,0,0
39,2100,78017,935,1814,2248,1356,892,2490.9,3,1.8,0.902473499,56,5.51,2038,8827817.318,55207,91,28,2571,0.00972972,0.89339679,0.01078116976,0.9899424094,0,0,0
40,1520,75676,125,211,2810,2657,153,2941.8,2.4,1.7,0.955238753,8,6.45,276,1128963.908,55715,92,404,2342,0.14038596,0.81382158,0.1469642637,0.851956202,0,2,2
41,1500,47078,32,40,1929,1898,31,6631.1,0,1.2,0.290886183,4,12.5,73,980728.772,37752,62,93,746,0.03231657,0.25922754,0.1110969578,0.8911648444,6,14,8
42,1480,145332,497,917,1558,1202,356,2193.4,0,2.1,0.710318214,49,11.37,976,5370492.118,91345,151,122,1923,0.04239378,0.66822327,0.05968280014,0.9407379071,399,375,24
43,2000,75975,768,1300,1390,487,903,1210.3,2.3,1.7,1.148487708,46,6.02,1612,5484585.351,55649,92,1095,2208,0.38050155,0.76725792,0.3313065933,0.6680593224,0,0,0
44,2050,87950,1251,1494,1902,511,1391,1995.6,3.6,1.4,0.953075061,162,15.52,2610,10702643.6,57829,96,437,2305,0.15185313,0.80096445,0.1593296648,0.840400177,0,0,0
45,2030,48115,403,368,1610,1223,387,6507.7,1,1.1,0.247399344,37,11.38,790,12479178.05,40463,67,42,665,0.01459458,0.23108085,0.05899199151,0.9340398655,226,193,33
46,2020,48115,582,343,1471,899,572,4349.5,1,1.1,0.338165297,34,11.22,1165,13462880,40341,67,28,948,0.00972972,0.32942052,0.02877208302,0.9741405251,113,76,37
47,2190,104006,822,1774,1483,350,1133,1137.2,1.9,2.1,1.304099383,49,5.9,2376,7121309.732,79400,131,1408,2342,0.48926592,0.81382158,0.3751753328,0.6240487425,0,0,0
48,2060,121132,49,73,1535,1113,422,4613.8,1.8,1.7,0.332684871,0,0,1474,17313726.81,71980,119,54,904,0.01876446,0.31413096,0.05640310587,0.9442297723,0,0,0
49,1580,48757,558,802,1121,563,558,1841.9,3.8,1.4,0.608611291,39,6.94,1085,6962842.388,35000,58,589,1163,0.20467161,0.40413087,0.3362928244,0.6640213154,25,15,10
50,1940,133319,950,2153,1534,231,1303,289.7,3.9,2.1,5.294734756,60,5.96,2578,1900273.495,102836,170,12219,3027,4.24598031,1.05185223,0.8019250266,0.1986600422,0,0,0
51,2320,96845,589,1185,1062,239,823,1464.6,4.9,2,0.725090065,22,3.72,1610,8663575.768,81212,134,789,1293,0.27416961,0.44930457,0.3781180066,0.6196534633,0,0,0
52,1910,78827,549,694,1190,532,658,740.1,2.8,1.4,1.607760096,23,4.8,1215,2950012.891,50720,84,2948,1676,1.02440052,0.58239324,0.6371600605,0.3622388946,0,0,0
53,700,75397,362,471,417,193,224,1125.2,0.4,1.7,0.370573367,63,22.83,774,8159110.139,54085,89,159,903,0.05525091,0.31378347,0.149095739,0.8467512723,30,27,3
54,790,53753,936,1490,1483,455,1028,1795.6,1.4,1.5,0.825929523,160,16.51,2088,9872119.354,39659,66,373,2008,0.12961377,0.69775992,0.1569307869,0.8448177485,0,0,0
55,800,85342,402,783,1165,675,490,1727.2,2.3,2,0.674450917,25,6.36,940,5442017.424,51769,86,607,1335,0.21092643,0.46389915,0.3127379987,0.6878175095,0,0,0
56,1300,54809,449,0,866,390,476,2817.2,5.3,0,0.30737409,100,22.78,1006,12795040.3,38451,64,0,884,0,0.30718116,0,0.9993723284,268,234,34
57,1340,49952,447,901,975,491,484,822.6,2.9,1.9,1.185348052,45,9.7,1047,3452405.13,38788,64,1546,1863,0.53721954,0.64737387,0.4532167063,0.546146652,6,10,4
58,1310,38538,391,0,520,2,518,2381,7.4,0,0.218376316,117,31.45,942,16862869.58,33711,56,0,629,0,0.21857121,0,1.000892469,0,0,0
59,1840,73252,621,0,797,140,657,1373.4,3.7,0,0.580284188,98,20.5,1376,9256661.92,59959,99,50,1619,0.0173745,0.56258631,0.02994136383,0.9695013609,0,0,0
60,1820,61014,520,667,763,90,673,467.1,3.1,1.7,1.633515252,59,15.28,1196,2856967.81,42279,70,3317,1380,1.15262433,0.4795362,0.7056097754,0.2935608954,0,0,0
61,1880,52348,375,505,1791,1293,498,3418.6,4.9,1.6,0.523851385,62,20.13,958,7138215.919,36880,61,45,1463,0.01563705,0.50837787,0.02985016447,0.9704620138,0,0,0
62,2500,183709,469,1222,695,63,632,551.4,1.8,2.4,1.260530091,0,0,1278,3957443.23,131992,218,1766,1862,0.61366734,0.64702638,0.4868327574,0.5132970523,0,0,0
63,1990,43949,303,786,681,272,409,1107.9,2.7,2,0.614681501,86,21.55,758,4817951.229,30029,50,383,1380,0.13308867,0.4795362,0.216516472,0.7801376798,12,7,5
64,2210,0,0,0,1661,1661,0,284.3,0,0,5.842942202,0,0,0,0,0,0,7814,8987,2.71528686,3.12289263,0.4647122573,0.5344726205,15,16,1
65,1980,48645,607,1124,1032,140,892,2420.3,7.3,1.6,0.426414061,64,9.13,1576,14438480.84,37935,63,41,1185,0.01424709,0.41177565,0.03341139822,0.9656708999,0,0,0
66,2350,56384,356,612,481,59,422,180.9,13.6,2.2,2.658612846,17,6.03,941,1380781.539,51093,84,6368,1279,2.21281632,0.44443971,0.8323198781,0.1671697745,0,0,0
67,2360,85188,675,1323,1109,284,825,206.7,8.1,1.9,5.365862404,103,15.06,1609,1169608.602,59024,97,12707,2736,4.41555543,0.95073264,0.8228976253,0.1771817032,0,0,0
68,1850,71107,1077,1743,2740,1458,1282,2188,4.1,1.7,1.252287736,153,15.16,2506,7810638.675,47336,78,809,2798,0.28111941,0.97227702,0.2244846787,0.7764006562,0,0,0
69,1830,60974,598,767,840,110,730,548.1,3,1.7,1.532629294,68,15.32,1306,3325831.201,41990,69,3005,1404,1.04420745,0.48787596,0.6813176899,0.3183261353,0,0,0
70,1860,73085,532,1102,1083,258,825,1123.6,0,1.8,0.963914966,125,20.87,1221,4943564.989,60057,99,1031,1741,0.35826219,0.60498009,0.3716740611,0.6276280703,0,0,0
71,3010,57781,484,919,1525,976,549,676,1.6,1.5,2.255999042,0,0,1100,1902906.71,36860,61,4946,1553,1.71868554,0.53965197,0.7618290203,0.2392075351,0,0,0
72,1870,74422,848,1766,1256,181,1075,722.8,0,2,1.737665652,92,10.42,2286,5133955.012,67271,111,2342,2659,0.81382158,0.92397591,0.4683418695,0.5317340013,0,0,0
73,1090,63916,748,982,951,193,758,2432.2,1.4,1.6,0.390958791,76,12.34,1582,15818640.73,46702,77,8,1119,0.00277992,0.38884131,0.007110519226,0.9945838767,493,491,2
74,450,49487,61,69,429,359,70,3084.1,5.4,1.6,0.139143304,14,31.82,175,4915511.409,30531,50,0,402,0,0.13969098,0,1.003936057,143,115,28
75,1610,40851,26,23,1142,1109,33,1184.2,7.1,1.4,0.964356764,3,17.65,46,186264.9834,28027,46,519,2257,0.18034731,0.78428493,0.1870130607,0.8132725971,39,26,13
76,1140,44061,311,485,483,41,442,727,11.9,1.9,0.664356827,24,9.3,798,4692791.14,37978,63,846,1064,0.29397654,0.36972936,0.442497959,0.5565222558,22,23,1
77,2750,162152,3,0,909,904,5,2105.1,0,0,0.431790766,0,0,9,81408.19774,200001,330,338,901,0.11745162,0.31308849,0.272010495,0.7250930651,0,0,0
78,1120,71229,593,1017,976,160,816,1491.9,4.2,1.8,0.65423899,49,8.45,1464,8745526.974,41683,69,352,1530,0.12231648,0.5316597,0.1869599365,0.8126383602,35,47,12
79,1890,52355,345,464,1921,1562,359,4943.4,4.8,1.6,0.388569726,58,20.42,688,6911957.607,36776,61,5,1115,0.00173745,0.38745135,0.004471398268,0.9971218139,149,129,20
80,1490,46968,1075,1349,1954,1070,884,2268.1,0.5,1.3,0.861538692,137,12.97,2068,9381189.299,37652,62,460,2020,0.1598454,0.7019298,0.1855347897,0.8147397285,292,270,22
81,2070,80621,58,81,6600,6537,63,12504.7,3.8,1.8,0.527828447,2,4.35,137,1014499.904,57161,94,0,1519,0,0.52783731,0,1.000016791,643,489,154
82,2140,101185,1421,0,2409,623,1786,1599.3,0.7,0,1.506251215,83,6.89,3756,9751349.917,71516,118,1453,2875,0.50490297,0.99903375,0.3352050209,0.6632583862,0,0,0
83,2040,87949,23,16,517,490,27,2444.4,4,1.5,0.211458534,2,18.18,50,924080.0193,50000,83,77,535,0.02675673,0.18590715,0.1265341696,0.8791659834,0,0,0
84,2010,58583,838,1319,2516,1760,756,1669.1,1.2,1.8,1.507404295,25,3.34,1874,4857683.72,53335,88,660,3703,0.2293434,1.28675547,0.1521445844,0.8536233274,0,7,7
85,3040,82292,409,746,643,183,460,1058.8,2.8,2,0.607343302,120,31.75,1010,6495640.843,53737,89,358,1392,0.12440142,0.48370608,0.2048288334,0.7964294303,26,23,3
86,1550,68180,317,822,1900,1563,337,4120.6,1.8,2.2,0.461142724,14,3.68,777,6582193.711,55356,91,95,1233,0.03301155,0.42845517,0.07158640543,0.9291161883,6,4,2
87,2550,109887,794,574,1598,163,1435,916,2.5,1.4,1.744632288,47,11.16,2239,5014876.011,76092,126,2995,2038,1.04073255,0.70818462,0.5965340417,0.4059219956,0,0,0
88,880,57917,445,619,490,18,472,723.6,1,1.7,0.677181002,47,12.77,983,5676667.643,47351,78,1161,788,0.40343589,0.27382212,0.5957578385,0.40435588,5,22,17
89,890,55196,841,1010,1153,203,950,1167.7,4.2,1.8,0.987412293,92,16,1942,7690898.118,39744,66,895,1949,0.31100355,0.67725801,0.3149682784,0.6858918152,334,209,125
90,860,144322,1443,2550,6817,5054,1763,756.6,2.1,1.9,9.010595095,147,11.19,3422,1484956.824,75162,124,16241,9677,5.64358509,3.36266073,0.6263276765,0.3731896389,0,0,0
91,950,33115,171,200,1715,1440,275,2101.2,15.5,1.4,0.816169844,51,35.17,468,2242355.981,25847,43,330,2021,0.1146717,0.70227729,0.1404998002,0.8604548369,219,219,0
92,910,25675,507,525,1325,516,809,3643.1,13.8,1.1,0.363653795,229,45.8,1235,13277971.03,17023,28,57,982,0.01980693,0.34123518,0.05446644658,0.9383517639,521,271,250
93,930,28382,201,184,424,105,319,709.6,21.4,0.9,0.597520831,93,47.69,506,3311064.088,18480,31,550,1159,0.1911195,0.40274091,0.3198541207,0.6740198653,190,45,145
94,940,29311,571,425,1433,301,1132,1563,19.9,1.1,0.916760278,200,50.76,1481,6317691.214,15291,25,1106,1532,0.38432394,0.53235468,0.4192196687,0.580691259,550,317,233
95,1020,55354,519,657,1107,248,859,2826.9,9.9,1.4,0.391643857,159,34.57,1449,14466342.9,27947,46,64,1061,0.02223936,0.36868689,0.05678465167,0.9413830535,149,123,26
96,1050,75261,290,402,365,22,343,1279.8,1.5,1.7,0.285233624,22,9.4,726,9952327.052,41474,68,131,693,0.04552119,0.24081057,0.1595926503,0.8442573026,0,0,0
97,380,65522,2,6,873,870,3,4145.3,0,2,0.210550465,0,0,7,129911.0768,0,0,83,524,0.02884167,0.18208476,0.1369822194,0.8648034095,0,0,0
98,730,89553,1370,1179,2929,1567,1362,2296.7,5.8,1.6,1.275278447,55,7.38,2920,8942194.68,46586,77,1573,2093,0.54660177,0.72729657,0.4286136657,0.5703041337,0,0,0
99,1000,35836,304,524,1037,405,632,4156.3,10.8,1.4,0.249492145,145,39.73,974,15266186.97,28043,46,0,720,0,0.2501928,0,1.002808325,102,155,53
100,1010,44546,584,940,1207,171,1036,3239.4,6.2,1.6,0.37259728,193,33.28,1741,18273052.47,30569,50,50,1023,0.0173745,0.35548227,0.04663077519,0.9540656604,157,184,27
101,1040,53716,810,1396,980,46,934,1410.1,3.8,1.7,0.694991034,189,23.54,1845,10381537.71,50910,84,351,1647,0.12196899,0.57231603,0.1754972137,0.8234869257,0,0,0
102,820,115886,623,1707,749,90,659,102.5,1.4,2.3,7.309762939,14,1.9,1536,820891.9394,63643,105,18453,2588,6.41223297,0.89930412,0.8772149006,0.1230278092,0,0,0
103,840,122176,271,474,360,82,278,113.1,0,1.5,3.181926006,58,18.71,661,811947.3341,69428,115,7706,1448,2.67775794,0.50316552,0.8415525487,0.1581323761,0,0,0
104,830,78818,620,970,1023,187,836,752.4,2.5,2,1.359631095,91,19.08,1460,4197177.595,58739,97,1546,2373,0.53721954,0.82459377,0.3951215458,0.6064834594,0,0,0
105,900,28248,286,273,770,271,499,2858.2,20.3,1,0.269420331,133,47.84,748,10855769.63,17791,29,0,778,0,0.27034722,0,1.003440308,181,43,138
106,960,33144,386,457,1374,773,601,1511.7,15.7,1.4,0.908913057,117,35.24,1020,4387562.827,25728,42,733,1888,0.25471017,0.65606112,0.2802360116,0.7218084447,0,3,3
107,360,80646,224,215,574,411,163,2629.4,1.6,1.7,0.218304449,21,16.41,520,9310880.521,57201,94,0,628,0,0.21822372,0,0.9996301999,16,50,34
108,430,48221,3,4,1054,1030,24,3025.3,4.3,2,0.348387794,1,50,49,549799.3456,30000,50,15,986,0.00521235,0.34262514,0.01496134506,0.9834590818,132,161,29
109,140,13348,1799,0,3002,748,2254,12995.7,17,0,0.230962351,899,61.83,2950,49917885.43,10253,17,1,668,0.00034749,0.23212332,0.001504530927,1.005026659,435,606,171
110,1410,46014,761,1423,2791,1898,893,3508,0.8,1.7,0.795615109,194,22.53,1881,9244827.572,37389,62,371,1920,0.12891879,0.6671808,0.1620366287,0.8385723102,0,0,0
111,1430,43632,546,698,1710,1132,578,2924.6,0,1.1,0.584688889,135,22.09,1033,6908804.346,32316,53,393,1273,0.13656357,0.44235477,0.2335662137,0.7565643513,0,0,0
112,1440,65608,1268,2136,2463,1077,1386,922.8,1.8,1.9,2.668988229,116,10.31,2898,4245894.526,42712,71,3029,4650,1.05254721,1.6158285,0.3943618779,0.6054086273,0,0,0
113,590,30416,372,0,1921,1227,694,2459,18.8,0,0.781224154,131,30.97,926,4631469.245,19065,31,47,2200,0.01633203,0.764478,0.02090569002,0.9785642137,197,275,78
114,510,32991,781,854,1445,237,1208,3395.2,15.6,1.1,0.425555172,257,32.12,1895,17401923.21,24918,41,43,1179,0.01494207,0.40969071,0.03511194548,0.9627205518,252,346,94
115,150,68798,1,0,841,840,1,9449.4,0,0,0.08895274,0,0,1,43936.58022,0,0,0,253,0,0.08791497,0,0.9883334679,630,947,317
116,200,80645,242,382,608,483,125,7246.7,1.7,1.7,0.083913535,37,16.3,409,19050928.73,57044,94,0,243,0,0.08444007,0,1.006274733,108,178,70
117,190,0,0,0,284,284,0,2392.6,0,0,0.118714513,0,0,0,0,0,0,0,340,0,0.1181466,0,0.9952161451,26,73,47
118,220,80647,10,20,103,94,9,1627.2,0,1.7,0.063293421,2,16.67,28,1729189.524,60675,100,2,180,0.00069498,0.0625482,0.01098028814,0.9882259327,41,63,22
119,100,68798,6,7,432,427,5,6008.3,0,0.9,0.071904636,2,25,8,434752.4107,29226,48,108,94,0.03752892,0.03266406,0.5219262914,0.4542691795,1105,1075,30
120,80,68798,1,0,944,943,1,44319.2,0,0,0.021268019,0,0,1,183738.1404,0,0,0,61,0,0.02119689,0,0.9966555888,1724,1969,245
121,50,68798,4,3,2013,2009,4,92765,0,0.8,0.02165067,1,25,6,1082977.919,7500,12,0,62,0,0.02154438,0,0.9950906831,3326,2475,851
122,20,68794,118,0,1999,1902,97,60759.9,4.2,0,0.032899595,0,0,166,19718512.04,33199,55,0,94,0,0.03266406,0,0.9928407933,4809,4016,793
123,160,0,0,0,4502,4497,5,116330.7,0,0,0.038654183,0,0,9,909961.4349,0,0,4,108,0.00138996,0.03752892,0.03595885082,0.9708889721,2967,3068,101
124,240,61813,103,112,1661,1485,176,29555.2,6.1,1.2,0.05624732,31,31.96,296,20566293.59,27785,46,0,165,0,0.05733585,0,1.019352566,258,303,45
125,170,68610,268,259,3506,3293,213,47765.7,4.4,0.9,0.073449467,90,30.93,360,19155489.05,33036,55,0,210,0,0.0729729,0,0.9935116343,2884,2686,198
126,180,68794,79,97,1335,1267,68,15433.5,3.9,0.9,0.086546348,34,31.19,117,5283698.085,32502,54,2,246,0.00069498,0.08548254,0.008030148193,0.9877082277,2328,2327,1
127,670,104196,1196,1809,1477,832,645,2415.8,2.5,1.7,0.611358444,85,8.03,2442,15606248.72,63837,105,11,1756,0.00382239,0.61019244,0.006252289532,0.9980927654,326,249,77
128,680,184723,303,722,593,348,245,641.4,0,2.2,0.924484231,8,2.4,697,2945515.903,120883,200,853,1801,0.29640897,0.62582949,0.3206209041,0.6769498808,21,25,4
129,420,120275,471,656,694,150,544,1317.4,0.2,1.5,0.526783137,20,4.65,942,6987303.88,81261,134,357,1158,0.12405393,0.40239342,0.2354933582,0.7638692125,4,10,6
130,410,122582,93,129,603,528,75,5562.7,0,1.5,0.10844207,4,4.71,127,4576133.034,84385,139,121,185,0.04204629,0.06428565,0.387730426,0.5928109819,301,234,67
131,400,67416,380,558,1919,1614,305,6013.8,2,1.5,0.31912387,54,14.29,687,8411387.082,45873,76,141,781,0.04899609,0.27138969,0.1535331406,0.8504211546,46,102,56
132,650,65533,731,782,1399,703,696,1579.4,4,1.6,0.885785209,63,13.02,1700,7498094.083,47485,78,699,1847,0.24289551,0.64181403,0.2742149085,0.7245707238,0,0,0
133,310,68340,176,298,1648,1304,344,15287.6,6.4,1.9,0.107819865,39,24.22,767,27801454.86,35430,59,6,300,0.00208494,0.104247,0.01933725293,0.9668626463,588,712,124
134,330,58944,337,301,1783,400,1383,16194.4,6.6,1.3,0.110146131,76,33.19,2377,84341570.64,24352,40,0,317,0,0.11015433,0,1.000074437,734,753,19
135,210,80667,1,0,69,69,0,997.1,0,0,0.069226469,0,0,2,112924.3243,0,0,1,202,0.00034749,0.07019298,0.00501961179,1.013961582,0,2,2
136,390,0,0,0,44,44,0,1271.7,0,0,0.034590401,0,0,0,0,0,0,1,98,0.00034749,0.03405402,0.01004585058,0.984493357,0,0,0
137,110,0,0,0,383,383,0,2398.2,0,0,0.159747764,0,0,0,0,0,0,239,218,0.08305011,0.07575282,0.5198827697,0.4742026937,0,0,0
138,120,0,0,0,3080,3079,1,18554.2,0,0,0.166041491,0,0,1,23535.42617,0,0,21,458,0.00729729,0.15915042,0.04394859355,0.9584978974,1,14,13
139,90,68792,14,12,327,314,13,8054.2,0,0.9,0.040628716,4,28.57,22,2115983.033,31872,53,0,118,0,0.04100382,0,1.009232485,1153,966,187
140,10,68794,81,91,1872,1800,72,54104,3.8,0.9,0.034618316,31,30.39,121,13659504.93,33106,55,0,102,0,0.03544398,0,1.023850496,404,311,93
141,40,0,0,0,613,613,0,25974.6,0,0,0.023636403,0,0,0,0,0,0,0,69,0,0.02397681,0,1.014401811,527,142,385
142,350,58943,77,30,2445,2349,96,7227.3,6.8,1.3,0.338315229,8,34.78,163,1883114.097,24439,40,0,975,0,0.33880275,0,1.001441026,1937,1674,263
143,600,35932,483,487,1150,345,805,1943.2,10.7,1.1,0.591755915,202,46.12,1242,8201190.117,29581,49,395,1306,0.13725855,0.45382194,0.2319512936,0.7669073152,128,129,1
144,560,41784,647,586,1305,108,1197,3240.6,11.9,1,0.402660942,140,24.39,1780,17277208.77,30750,51,359,797,0.12474891,0.27694953,0.3098113002,0.6877983462,195,314,119
145,550,22733,490,466,6018,5081,937,17057.8,16.2,0.8,0.352794834,307,54.24,1268,14046531.79,14759,24,8,1013,0.00277992,0.35200737,0.007879707218,0.9977679265,142,166,24
146,540,36321,254,296,2689,2471,218,14078.5,3,1.3,0.190990013,34,15.11,626,12810967.4,26523,44,0,548,0,0.19042452,0,0.9970391488,247,348,101
147,340,58710,258,260,774,392,382,5750.4,6.6,1.3,0.134607689,66,33.5,647,18785837.37,24829,41,0,386,0,0.13413114,0,0.9964597193,365,313,52
148,230,80645,147,197,764,635,129,5959.4,1.7,1.7,0.128206297,19,16.24,405,12347732.76,56755,94,2,367,0.00069498,0.12752883,0.005420794581,0.9947158056,95,182,87
149,70,68794,389,233,1032,689,343,7334.8,4.7,0.9,0.14070338,81,30.92,585,16246818.23,32906,54,126,284,0.04378374,0.09868716,0.3111775993,0.7013844301,512,878,366
150,280,65220,82,117,95,9,86,407,8.2,1.6,0.233422959,15,20.27,135,2260023.875,31424,52,439,230,0.15254811,0.0799227,0.6535265882,0.3423943401,9,19,10
151,270,67049,33,40,307,282,25,14619,5.6,1.2,0.02103718,8,24.24,41,7616059.537,32455,54,3,57,0.00104247,0.01980693,0.04955369493,0.9415202038,148,81,67
152,260,65487,88,125,614,293,321,10477.8,7.5,1.5,0.058576227,16,19.75,539,35959257.29,30618,51,0,173,0,0.06011577,0,1.026282727,221,206,15
153,250,67486,89,116,725,382,343,13757.1,7,1.1,0.052731152,30,28.04,579,42910773.99,31453,52,0,148,0,0.05142852,0,0.9752967278,274,379,105
154,60,68794,23,23,5385,5367,18,125524.5,7.1,0.9,0.042891433,8,32,32,2915535.611,35000,58,0,123,0,0.04274127,0,0.9964989978,2802,2339,463
155,30,68794,48,31,2555,2441,114,71769.7,4.7,0.9,0.0355521,11,32.35,673,73978288.45,31923,53,2,100,0.00069498,0.034749,0.01954821234,0.9774106171,4334,3620,714
156,300,68324,113,191,507,388,119,3292.2,6.5,1.8,0.153982983,25,24.04,235,5964189.239,34465,57,22,426,0.00764478,0.14803074,0.04964691456,0.9613448,639,748,109
157,530,54117,409,623,1279,665,614,2457.3,6.8,1.5,0.52049095,98,24.02,1123,8434037.237,31943,53,84,1408,0.02918916,0.48926592,0.05608005288,0.9400085054,180,219,39
158,1070,74946,314,454,393,36,357,1159.6,4.6,1.8,0.338933875,32,12.7,730,8420474.247,42241,70,134,839,0.04656366,0.29154411,0.1373827269,0.8601799097,0,0,0
159,1130,50722,699,922,1142,91,1051,1020.5,3.5,1.4,1.119099075,142,21.71,1779,6211755.9,33867,56,1456,1770,0.50594544,0.6150573,0.4521006686,0.5496004007,44,53,9
160,1650,59323,542,1131,785,242,543,1555.4,3.4,2,0.504668391,45,7.94,1249,9663540.657,55548,92,146,1311,0.05073354,0.45555939,0.1005284676,0.9026905551,12,6,6
161,470,45546,674,918,1631,483,1148,4266.3,3.4,1.5,0.382288365,176,28.25,2098,21451593.95,31117,51,19,1081,0.00660231,0.37563669,0.01727049684,0.9826003729,365,346,19
162,2990,31764,266,368,1118,614,504,3141.3,7,0.9,0.355887796,124,29.81,818,8985571.673,22604,37,0,1020,0,0.3544398,0,0.9959313131,167,223,56
163,1030,19895,437,359,1437,727,710,9689.8,17.5,0.8,0.148344929,236,54.25,1082,28516285.81,15357,25,0,427,0,0.14837823,0,1.000224484,304,218,86
164,980,29638,510,541,2460,1523,937,5603.6,15.3,1.1,0.43903996,228,46.34,1511,13456158.82,20281,33,2,1263,0.00069498,0.43887987,0.001582953861,0.9996353635,135,168,33
165,970,39768,243,319,1015,602,413,4403.5,13.3,1.4,0.230511943,86,37.89,702,11906058.03,28926,48,1,659,0.00034749,0.22899591,0.0015074707,0.9934231911,293,203,90
166,460,51925,504,581,2217,1046,1171,4411.1,4.4,1.5,0.502647438,121,30.87,1935,15048945.65,29307,48,11,1439,0.00382239,0.50003811,0.007604515036,0.9948088306,364,439,75
167,780,52678,658,1156,1301,538,763,1835,1.1,1.6,0.708986496,41,5.81,1562,8603196.801,46533,77,268,1773,0.09312732,0.61609977,0.1313527416,0.8689866076,108,105,3
168,770,69129,769,1080,1166,431,735,1239.8,7.4,2.2,0.94049325,44,8.85,1683,6988268.461,53409,88,615,2090,0.21370635,0.7262541,0.2272279466,0.7722055421,102,111,9
169,760,253246,414,0,967,265,702,558.9,2,0,1.730082187,18,5.45,1095,2472017.895,174931,289,2851,2133,0.99069399,0.74119617,0.5726282817,0.4284167397,66,84,18
170,850,135146,438,737,835,255,580,109.5,0,1.7,7.623801728,0,0,950,487245.053,108967,180,18452,3483,6.41188548,1.21030767,0.8410351828,0.158753823,0,0,0
171,1920,154259,891,2559,1272,63,1209,399.8,3.2,2.7,3.181828465,20,2.09,2359,2894550.958,115761,191,6752,2398,2.34625248,0.83328102,0.7373912534,0.2618874742,0,0,0
172,1900,78828,370,462,3862,3475,387,3048.1,2.7,1.4,1.267018181,15,4.7,717,2209228.106,50742,84,1208,2441,0.41976792,0.84822309,0.3313037858,0.6694640241,300,225,75
173,1620,41602,499,445,1576,717,859,6515.1,10.1,1.4,0.241875582,51,15.6,1181,19064030.47,28081,46,0,700,0,0.243243,0,1.005653394,76,135,59
174,1600,86821,400,653,584,112,472,348.1,3.1,1.5,1.677934803,19,4.45,914,2126907.067,55979,92,3584,1239,1.24540416,0.43054011,0.7422244045,0.2565892961,0,0,0
175,1590,116902,1138,937,875,111,764,670.3,2.4,1.9,1.305347166,15,2.99,2083,6231329.016,102516,169,2362,1400,0.82077138,0.486486,0.6287763144,0.3726870619,0,0,0
176,1640,60635,897,1396,1089,50,1039,1579.2,3.7,1.7,0.689564175,197,23.65,2275,12880138.5,50583,84,19,1960,0.00660231,0.6810804,0.009574612834,0.9876969029,0,0,0
177,990,35129,296,524,923,209,714,5185.4,16.4,1.3,0.1779711,193,47.19,1006,22102521.54,27250,45,0,513,0,0.17826237,0,1.001636614,90,87,3
178,520,32446,387,477,1032,218,814,4723.1,10.8,1.2,0.218473335,143,35.84,1314,23509773.81,22832,38,0,636,0,0.22100364,0,1.011581757,357,415,58
179,630,0,0,0,2380,2380,0,1765.1,0,0,1.348370694,0,0,0,0,0,0,1418,2456,0.49274082,0.85343544,0.3654342401,0.632938289,106,97,9
180,570,0,0,0,1275,1275,0,1121.7,0,0,1.136721684,0,0,0,0,0,0,1601,1665,0.55633149,0.57857085,0.4894175046,0.508981977,50,67,17
181,1190,44151,643,1002,987,69,918,724,5.3,1.6,1.363218632,183,28.33,1499,4296870.36,35785,59,2112,1805,0.73389888,0.62721945,0.5383574305,0.460101876,64,54,10
182,580,46011,158,393,2665,2475,190,3618,6.6,1.5,0.736622139,18,7.06,359,1904061.474,38579,64,25,2100,0.00868725,0.729729,0.01179335991,0.9906422321,11,29,18
183,440,44262,36,49,546,449,97,2059.6,6.7,1.4,0.265135199,10,28.57,169,2491424.3,35000,58,0,764,0,0.26548236,0,1.001309373,140,162,22
184,500,34039,582,638,1189,330,859,3966,14.7,1,0.299818802,185,30.18,1442,18796747.52,26544,44,0,863,0,0.29988387,0,1.000217024,363,347,16
185,1660,83385,541,1127,821,117,704,1608.5,10.1,1.7,0.510373218,111,17,1376,10526158.73,55850,92,80,1388,0.0277992,0.48231612,0.05446837534,0.9450263121,0,0,0
186,1630,66605,848,0,3099,1858,1241,3494.6,4.5,0,0.886813477,138,16.07,1888,8312158.763,53933,89,66,2485,0.02293434,0.86351265,0.02586151496,0.9737252223,136,167,31
187,1700,49764,1003,1414,1043,173,870,448.4,1.4,1.3,2.325872954,210,18.63,1907,3201320.511,35758,59,5321,1373,1.84899429,0.47710377,0.7949678794,0.205128904,0,0,0
188,1680,59168,513,963,880,223,657,770,8.8,1.6,1.142915484,113,18.34,1118,3818761.32,41005,68,1584,1708,0.55042416,0.59351292,0.4815965552,0.5192972957,0,0,0
189,1670,53483,554,919,686,135,551,1586.1,0,1.7,0.432456145,54,9.94,1146,10346099.18,45822,76,40,1200,0.0138996,0.416988,0.03214106253,0.964231876,0,0,0
190,1690,69291,439,781,491,95,396,1613.5,1.1,1.7,0.304283291,21,4.6,842,10803735.87,45101,74,204,670,0.07088796,0.2328183,0.2329669821,0.7651366568,0,0,0
191,1810,79721,496,643,688,23,665,174.2,5.8,1.8,3.948605855,34,9.63,1330,1314523.819,54727,90,9672,1695,3.36092328,0.58899555,0.851167071,0.1491654451,0,0,0
192,690,94869,1344,1966,1236,245,991,1985.9,1.2,1.7,0.622425263,129,11.37,2753,17279444.95,66021,109,40,1751,0.0138996,0.60845499,0.02233135579,0.9775550997,22,27,5
193,750,77333,1041,1928,1245,126,1119,1218.2,6.2,1.9,1.021989092,222,21.57,2226,8506868.156,49739,82,540,2402,0.1876446,0.83467098,0.1836072434,0.8167122199,58,72,14
194,740,53726,963,1333,1425,398,1027,1390.1,5.7,1.4,1.025071535,171,18.55,2090,7962447.262,33115,55,501,2444,0.17409249,0.84926556,0.1698344789,0.8284939451,0,0,0
195,720,44631,1210,1656,1794,548,1246,1695,0.7,1.6,1.05841851,130,12.62,2591,9561340.879,34180,56,491,2556,0.17061759,0.88818444,0.1612004971,0.8391618548,0,0,0
196,710,71744,492,779,484,101,383,654.7,2.1,1.6,0.739337468,175,36.01,985,5204223.969,42875,71,938,1193,0.32594562,0.41455557,0.4408617635,0.560712243,0,0,0
197,1710,181802,815,1740,1222,113,1109,874,1.7,2.3,1.398240553,44,5.75,2141,5978684.614,126335,209,1623,2403,0.56397627,0.83501847,0.4033470985,0.5971922844,0,0,0
198,1720,133314,938,1038,1757,509,1248,1402.5,4.2,1.6,1.252754852,19,2.99,1999,6230268.393,83840,138,1775,1825,0.61679475,0.63416925,0.4923507173,0.5062197516,0,0,0
199,810,74503,257,441,897,562,335,263.8,6.2,1.7,3.400470492,60,23.17,689,791244.3687,46973,78,7581,2211,2.63432169,0.76830039,0.774693295,0.2259394374,0,0,0
200,2510,163371,442,890,899,353,546,332.9,0.7,2.5,2.700312097,0,0,1260,1822187.341,118623,196,5403,2372,1.87748847,0.82424628,0.6952857309,0.3052411167,0,0,0
201,2760,132275,881,0,1643,330,1313,473.4,1.4,0,3.470925577,0,0,2544,2861710.669,103533,171,5978,4014,2.07729522,1.39482486,0.5984845177,0.4018596277,0,0,0
202,1950,93622,281,0,262,30,232,116.6,1,0,2.246365898,9,2.88,785,1364493.91,93002,154,5295,1170,1.83995955,0.4065633,0.8190827468,0.1809871225,0,0,0
203,2240,89408,914,1775,1671,347,1324,400.9,5.8,1.9,4.167940753,53,5.6,2316,2169244.499,76940,127,8800,3189,3.057912,1.10814561,0.7336745365,0.2658736474,0,0,0
204,1960,98478,579,0,616,38,578,244.3,1.4,0,2.521247069,5,0.84,1457,2255905.464,79679,132,4553,2706,1.58212197,0.94030794,0.6275156408,0.3729535084,0,0,0
205,1970,45803,775,898,896,36,860,600.3,0,1.4,1.492607627,114,17.43,1772,4635866.752,37447,62,2057,2235,0.71478693,0.77664015,0.4788846828,0.520324388,0,0,0
206,2230,62778,621,0,1456,487,969,652.7,9,0,2.230656157,42,7.54,1706,2986427.777,54702,90,4426,1987,1.53799074,0.69046263,0.6894790733,0.3095334204,0,0,0
207,1370,38911,93,0,1309,1215,94,833.6,2.3,0,1.570323328,19,27.94,219,545120.8677,32398,54,1114,3405,0.38710386,1.18320345,0.2465122011,0.7534775985,137,176,39
208,660,68444,490,830,2479,1915,564,4979.9,1,1.4,0.49782988,90,15.03,1234,9684184.77,44748,74,344,1086,0.11953656,0.37737414,0.2401152779,0.7580383484,121,154,33
209,1110,76856,925,1290,1211,261,950,1956.1,5.2,1.5,0.619134747,138,16.03,2067,13049520.42,34219,57,216,1563,0.07505784,0.54312687,0.1212302174,0.8772353234,538,544,6
210,1290,87972,534,0,877,409,468,2231,2.1,0,0.393108778,0,0,1222,12153465.89,63126,104,2,1128,0.00069498,0.39196872,0.00176790761,0.9970998918,207,189,18
211,1400,50115,560,695,865,247,618,3076.1,5.4,1.4,0.281195914,96,18.68,1336,18576391.17,37237,61,0,812,0,0.28216188,0,1.003435206,237,232,5
212,1220,62834,334,497,642,319,323,2283.9,4.7,1.5,0.281077371,62,19.02,725,10082891.83,41089,68,22,788,0.00764478,0.27382212,0.027198134,0.9741877086,375,340,35
213,1210,56925,643,0,856,9,847,1883.4,0.4,0,0.454493222,20,4.09,1597,13734273.08,45861,76,92,1219,0.03196908,0.42359031,0.07034005889,0.9320057803,28,8,20
214,1460,66815,783,1041,2288,1634,654,3416.5,1.6,1.5,0.669741317,108,15.34,1377,8038191.461,41731,69,136,1796,0.04725864,0.62409204,0.07056252735,0.9318404347,81,64,17
215,1380,43445,364,316,1932,1439,493,3984.3,3,1.5,0.484887935,43,19.91,1024,8254542.174,35676,59,1,1403,0.00034749,0.48752847,0.0007166398149,1.00544566,263,316,53
216,1470,44967,1210,1595,3902,2843,1059,4432.1,1.7,1.6,0.88039948,196,19.66,2504,11118344.92,37868,63,374,2150,0.12996126,0.7471035,0.1476162389,0.848596026,337,382,45
217,1570,77975,925,1538,1396,439,957,906.1,2.8,1.8,1.540558826,124,14.83,2175,5514152.494,45297,75,1928,2502,0.66996072,0.86941998,0.4348816213,0.5643536393,34,27,7
218,1560,55511,1297,1789,2217,875,1342,2710.3,2.9,1.8,0.818030873,166,16.24,2897,13834262.97,42077,69,0,2353,0,0.81764397,0,0.9995270313,60,52,8
219,1200,52847,290,551,496,51,445,1502.1,6.6,1.8,0.330215826,41,13.36,776,9184370.98,40000,66,96,855,0.03335904,0.29710395,0.1010219298,0.8997265625,74,71,3
220,1330,61760,517,0,720,90,630,1681.9,6.4,0,0.428147381,46,9.66,1310,11959436.98,43683,72,93,1140,0.03231657,0.3961386,0.07548001327,0.9252388724,2,2,0
221,1320,38627,333,0,471,6,465,2558.4,7.5,0,0.184142619,100,31.75,849,18022671.48,34042,56,0,527,0,0.18312723,0,0.9944858556,0,0,0
222,1230,62995,587,705,667,145,522,1869.4,2.5,1.6,0.35684404,86,19.24,1254,13738318.12,48304,80,17,1011,0.00590733,0.35131239,0.01655437485,0.98449841,397,380,17
223,320,37288,82,91,344,247,97,2546.3,6,1.2,0.13508778,29,36.71,206,5959812.095,22509,37,0,391,0,0.13586859,0,1.005780019,356,392,36
