,pc1,pc2,pc3,pc4,pc5,pc6,pc7,pc8,pc9,pc10,pc11,pc12,pc13,pc14,pc15,TAZCE10
0,-1.4252411084901437,-1.1065594959520733,-1.1578546317356766,1.1831522634883667,1.3827917660272722,0.47006036970179566,-0.881444435629059,0.5128577320240146,-0.7749582125040975,0.37837495360248674,0.5209420019695956,-0.0043675796739594255,-0.058431390743013525,-0.08327282588821247,-0.11666579194796112,1530
1,-1.823116373816798,-1.0390852568477984,-1.667192159832071,0.7559925388938573,0.8781488421656459,0.2278542776855721,-0.07218375410359226,0.6044198489582112,-0.7849480568422781,0.10015263694388576,0.912422864514212,-0.3487533986037119,-0.04286039483368958,0.03613797950810475,-0.5012035086140603,1540
2,0.05951290638934649,-0.5500774489668719,-0.20703461038623164,1.4741431607288353,0.9161021167428728,-0.1854214402732496,-0.028983697624925905,0.4661608868304655,-0.6553858242501561,-0.3101311737208593,0.7747860150416565,0.8499939088235613,0.13045761739098707,-0.175382558670004,-0.37903778355241047,1350
3,-3.0819493996668927,-1.709065798170638,-1.595805673888341,2.1463806530126606,1.025966471989279,-1.9515790968769422,0.6415268895806348,-0.6947314031000233,0.28869360920247755,0.7851453389745264,0.34144836662785055,-0.9933389467690159,-0.2991882050392312,0.15675482242402064,0.28860593221188935,1510
4,-0.6471168500125297,-1.2936307318526612,-0.5120856940283912,1.4058410487808555,1.760218079370957,-0.1500496748112453,-0.03952528012445276,0.8205381449881912,-0.7090539972293399,0.2536642250684371,-0.06074161715688558,0.4036978396315237,0.039261778671778956,-0.18620612784942767,0.2375339240874953,1360
5,3.018095613089972,-2.5488012218381826,1.327996004958101,2.773449582370503,-0.8411052191972123,0.6670304498251557,-0.4746533926701989,0.9183699436407395,0.335644458708273,-0.3471081299874652,-0.009787599278455465,0.6983612255315659,0.0470767975970538,-0.23494852087479529,0.5250796101214115,640
6,-2.208094950757224,-2.3524525433154864,-1.0556090090951744,2.8910649094017593,0.0009433435935163558,-1.7266526513599214,0.357459763362055,-0.8386965816477422,1.289874234934486,-0.29996278812021165,-0.36417440745977475,0.6110574349544436,-0.059119859057279636,0.005226904182828308,0.42160870055080574,130
7,-2.8487743530046976,0.5570837534168505,-0.5205625150263444,2.8694157306025256,-0.3787613224892944,-0.2741915599826867,1.1058363897700432,1.0830159005606013,-0.6949051946288118,-1.895027715212669,1.9579244962427307,0.6815841535557403,0.3993901850469062,0.20728622153381993,-1.377756737475626,370
8,0.0896923511288333,-2.3390576876580327,-1.0688004057224985,0.574707760137199,-0.6436149402024767,0.5903729217043437,-0.7549676045994199,-1.1700351153507031,0.5112037847674555,-0.3027189583771915,0.2858362167546979,1.1464295544293048,-0.09382508602634133,-0.09516368680285117,0.036433564974220456,870
9,-2.2383879504583706,-0.4372759284346058,-0.8100872936138384,2.188027306389461,0.6235352423829525,-0.08388678423368763,-0.23761251029510597,1.1316894708412368,-0.9562672463419843,-0.5512059882817558,0.9626931575575014,0.43392332228215363,0.0946785585335221,-0.04779551293585856,-1.0867741042674526,920
10,-2.7631675139242438,1.15991104222912,-0.1941688224164062,0.8277773403623088,-0.3170567197765732,0.38771535215172576,-0.08711917791896147,0.49399543326821405,0.19909968996750152,-0.3992714643385361,0.5614500979856543,-0.1133374837171204,0.23195995663966218,0.4123605772185351,-0.1381226007328206,490
11,-2.6224131010747116,0.7636436305278547,-0.883936144450597,-0.3503573086620449,-0.810935676822398,0.51823611791737,-0.4070123757144513,1.1191280250984783,0.6164521535994466,0.5052115086939842,0.3935980591231022,0.22998105781989306,-0.0691606208121284,0.039714360968717353,-0.26668190510340145,480
12,-0.7198219034410331,0.7119608008991406,-0.2975120758331709,-0.10705958354170725,0.2723492860305023,-0.3454489694885137,-0.6680815768181464,0.16598052637726707,-0.5347284239041581,0.4072277392511128,-0.46263697630394174,-0.227577750932955,0.047908276303920666,0.39510182311289993,0.2573837567241507,1390
13,-2.3319063772639295,-1.4825110130936205,1.0709633655756705,0.4629619200858463,1.6328955065916673,0.6430388244629639,-0.14410198239421168,-0.24138638399050802,-0.6888751649005973,0.37007931151547335,0.1961304272444894,0.1336306146868931,0.0016982845380603827,1.0795984908490355,0.11228111262546313,1450
14,1.8780515211629434,-1.6888300447838607,-1.0027758182776545,-0.49491171077627183,-0.30171029455277487,0.8538722353505175,-0.983141772019647,-0.22445071141836392,-0.0314092703692255,-0.06061168638655753,-0.7728394113965342,0.5818965278253865,0.19557700042675355,-0.26099769630820885,0.505469436184545,1170
15,0.9911805325300107,-2.551618258467015,-0.9286323115744597,-0.09629175381281016,0.5113621618895221,1.379810826398349,-0.7301045062806255,-0.03527039511150004,-0.11218790688695357,-0.02407132607389336,-0.4516115904017593,0.7604496006925346,-0.047409391929780664,-0.3150214651980179,0.7045428211047453,1160
16,0.2211370314277696,1.001786923758555,-0.7996830929360412,0.705856189183775,-0.7067191378457917,0.22916646883837605,-0.5626065922989293,-0.29335743515307494,-0.30596617379660035,-0.49149624521338686,0.46299925292501115,0.49497902063860794,0.2528923411967376,-0.14687698853562098,-0.23599618635096395,1150
17,0.7829042680688283,4.684847065923385,0.6403833682242757,-0.0025977770218631887,-0.2967047566490252,-0.5074411910594882,0.18868490148874018,-1.1581957115094692,-1.4488728901566805,0.2952145540658631,1.7849203562073177,-0.37702579079443416,-0.537677779261355,0.1049343106257063,0.23748315505970066,3000
18,0.09432045211190779,-0.46036802233840834,-1.0908288645279367,0.811891416523866,-0.8189842740837965,-0.03025574845628631,-0.29337638420072626,-0.7842563874014724,0.034181752438770974,-0.392258773497252,0.7959834178705615,0.8507752018136725,0.09067259724909976,-0.14500064570525287,-0.5291048026728401,1180
19,2.8509931551063454,0.2685133642466234,-0.3661758357735992,-0.7832451725425263,-0.3944694316346096,0.14945765748278408,-0.5160649191055391,-0.8822245881275332,-0.4489570970227389,-0.2660952314864186,0.6448877689657213,0.3289418563327953,-0.034905845970581474,-0.059322447307684635,0.10555824301802037,2130
20,8.554184503238995,-0.9525752649436939,3.948051946965338,2.401573459270035,-0.9160058238266703,-0.4782228432732546,-0.34418183878697084,1.6673358411376968,-0.7793722391869435,0.9434706975347589,0.5620250480034034,-0.7330947656629502,-0.13459039079567423,0.0347075598446667,-0.16021495761348947,2740
21,3.846183367607541,0.81008105462248,0.84941614181673,-0.4904334289021634,1.2118190490677563,-0.3067802567091931,-0.18260103389713858,-0.22480510106194393,-0.9063794307139308,0.005581060761530764,0.7809440485288582,0.4764598032887982,-0.006885068029756559,-0.12805573216636232,-0.06056986362736353,2520
22,1.1291130767478263,-0.6301917674241042,-0.3694111924189774,-0.6291624721235747,2.1258410907694905,-0.5761609865635131,-0.5118788773363834,0.04549812692932925,-0.31916570966512464,0.6529801838461002,0.062288332359859304,-0.03681608237178118,-0.25421971106393776,-0.05498860224028268,0.21173158737811473,2090
23,2.188991607573861,1.0010391286667422,-0.14581066988696798,-0.27287274240768516,0.2590379937401804,0.12191870951463518,-0.10954539321278854,-0.4441245397452725,-0.9159267750050463,0.4636692426223607,-0.6625182482720792,0.07332128294583738,0.3384164429523142,-0.09742642581731353,-0.05223385924888809,2160
24,2.4210135640762083,1.4436197093597665,-0.18508674591805774,-1.4564698577764692,0.48535648213394167,-1.4786634263508565,-0.6533842685819795,-1.3505063796058738,0.5997487995859241,0.5868649976857133,-0.18736046412475854,-0.07115800847736525,-0.13840095339165986,0.16659903184277483,-0.4587146038425049,2120
25,1.484383525304164,3.2238214543104475,2.0101739781323884,-1.1096578049053536,1.3986013327868854,-0.6242333489342693,-0.2946725201799458,-0.349647513771736,-0.917245135335691,-0.7689175289698048,0.5750802404545592,-0.07306734809760188,-1.7315784436892843,-0.29100519327444496,0.13713593753536407,2080
26,2.802851419110416,0.28142872041000444,-0.8381924952009754,-2.58666935139018,0.9265542683982178,-0.34327197690257816,-0.13763904233586152,-0.18914790453157582,-0.187087353633027,0.5974441149316965,-0.3428635875381663,-0.11117431926191401,0.1465786496976712,-0.09653769277184235,-0.19856410495439988,2180
27,1.9684523892773544,-1.3570161194286163,-1.2749043454375601,-0.9836701883636468,-0.2000004407095669,0.3717977569383699,-0.41371183490643665,-1.2647693149344157,-0.26579537006126347,0.6785530619472505,-0.039972755977359505,0.3853426645830606,0.004427918826243981,-0.10379439688849189,0.20145076050802663,2170
28,3.4568152965945087,0.04032013378720105,0.2785777280697143,-1.4076218715052233,1.2009944855368724,-0.23193986729651075,-0.6487215059461631,-0.6673212332883484,-0.01204856395320178,0.27903631668385814,-0.1675730718697628,0.21186948161772423,0.0009606741811263044,-0.04463223711216721,-0.2871004358481126,2200
29,1.5221332719202898,-0.30276543900642505,-0.8902044310375146,0.31820196175665166,-0.1704205915736659,-0.1010516418604844,-0.31125658703943293,-0.7178689853331206,-1.1973728909929389,0.4141784564671776,1.36768636167847,0.5954802653687737,0.00043306242109477484,-0.13319713119736487,-0.37433463445474946,2540
30,1.4507900542103147,-0.38395304011506515,-0.8939375902138204,-1.4595649988774884,0.8668837465306154,0.4681554955429045,0.8154728615405148,-0.6885384570165817,-0.5973571781505602,0.5915701248262425,0.4674194779903979,-0.043308663545855136,-0.06585114199040325,-0.04110701364848305,-0.17422697272991763,2560
31,1.502976863568847,-0.7220470380238145,-1.5441553903207261,-1.6053231529307017,0.9401056320947123,0.1172274218352812,-0.5129681252359709,0.24302449491929592,-1.243540097829802,0.41321123321419123,0.9008056844588894,-0.11917370608591953,-0.17808606791814496,-0.09519407070584693,0.47051376502081615,2530
32,6.1541865078135105,-1.869226251429433,2.616701815836649,1.7714862709514552,-1.639054424229123,-0.4252736017917742,2.8743259606696827,-0.4727439490383217,0.8112323987707315,0.7684241301731841,0.07232293239323856,-0.9277415921525103,-0.07801754055467006,0.362709149540729,-0.917968503089355,2220
33,-0.7118703056664446,-2.380689246426636,-0.5291354630211964,1.3849083510552636,1.842417112443108,-0.33716060568904194,-0.13460900464229977,0.6418939775152466,0.3846546500780622,-0.23239102480352372,-0.08451901253732537,0.7113254343470328,-0.11616404150484665,-0.23597890025667423,0.718682189695473,610
34,-4.415048810796195,0.18798793252788787,9.157573831568625,4.180080373744924,10.061110086564252,6.278640385228188,0.13013366312404726,-2.596944324922166,2.944664640469397,0.48282166836132506,-0.4177920166700219,0.4271685710352657,-0.9416505483165042,0.7965624731139758,-0.5964472269844205,290
35,3.4552622582211088,-0.3468963040360683,-0.37195507406834694,-1.206300637800987,0.042441943045725856,0.31244021589518695,-0.4932284104932918,-0.8218435618368176,-0.6085957778438038,0.5076641196329464,-0.45744796306872515,0.08558818598503781,0.1887867655270869,-0.09064569224418301,0.1780331177719907,2310
36,2.8387766533743766,0.41749543565875585,0.03491420504801407,-1.8679660784903833,1.3714341673868276,-1.6132216266679906,3.5315779706969255,0.2765654685082583,-0.04176113609769154,-0.13955421672251667,-0.7883746386252001,0.11529318729310423,0.4570546488285714,-0.0988821551243637,-0.8921536520353107,1930
37,2.5586956944561976,0.6874989910591915,-0.4810616228762437,-1.311533240728928,0.4317680567317469,-0.4520983550532913,-0.590472206834497,-0.5317913648737208,-0.3269814322763393,0.5459498586338426,-0.7874897533278652,-0.08527705521387845,0.19932112943406652,-0.023609695732836382,-0.09942358541091127,2110
38,1.7299111591039409,1.7507926607441686,0.059976056320914885,-1.0704512443513436,2.0632119963350357,-1.134937452722916,-0.754022420228252,0.4275431101954576,-0.4575513295948975,0.46790947246819736,-0.3850455313878996,-0.5638379186658223,-1.0279636337989535e-05,0.04113037587251972,0.1256505787731866,2100
39,-0.04127183674489539,-1.6647273087642493,-0.32930973331090385,0.4992175387948238,2.373268315936107,0.4741720573790995,-0.03423031903046128,0.5958128196755378,-0.424252353977267,0.19454487331175824,0.08511132665244095,0.3230557431153754,-0.15479910593585913,-0.1863412208660822,0.4639442562082238,1520
40,-1.7771818442237468,-1.823814313020928,-1.3000645652886338,0.6687142554399756,1.4087772077394691,-0.005629210299893655,-0.0020326255846532426,-0.22444932553828054,0.014468406666110004,0.28941237365333466,0.8038302293534245,-0.3074977740848867,-0.26745156959687744,-0.05992703637097953,-0.06048940917215004,1500
41,1.0423318486748692,-0.827312752654561,-0.38611990623276554,-2.653315475288637,1.6315747340306697,0.5971566102153335,-0.19297054487642165,1.2815656927931782,-0.5604824384732595,-0.7011129530152997,0.38111187452751494,0.026329153252066962,-0.0768114355109295,0.35405559374397716,0.3476385695950093,1480
42,2.1108662802324307,0.4775283025935987,-0.36403607981152836,-0.5812335577676495,0.6737939404377238,-0.798552449131847,-0.5081942257133497,-0.42966992203960913,-0.3586948481728778,0.29711983505412726,-0.2143224343972664,0.06766912735369562,0.09685847482207172,-0.056402724821879316,0.02022770947353253,2000
43,2.338802014664618,3.0313279684119885,0.27642298261636233,-1.2446441675831392,0.7709084558527897,-0.9904613608186366,0.28069025169769973,-0.35940224865176346,-0.21684278237086804,-0.17522007856800031,0.011065846983981746,-0.34305327542011355,0.09439753680458038,0.027664435526052463,-0.14680900660017215,2050
44,-1.3260483866865382,-0.28458744540195596,-0.8586662304776623,-0.38194035647260915,0.8144015900535492,-0.5638471521742496,0.30014521261898075,-0.3519419181861358,-0.02611370371439266,1.0952306096304376,0.7619574234074914,-0.421510095434852,-0.35197178242476107,0.16062157638909802,-0.049583426748094565,2030
45,-0.8921659002736495,0.30148230705295387,-0.9057884073227883,-0.4327321623397803,0.8115278263886474,-0.9089584444910973,0.4952448227104767,-0.1618242127735192,0.001894740188332162,1.0904593980901636,0.506929545551728,-0.43922234496657686,-0.3850464472256548,0.06341720361902539,-0.33387896172398135,2020
46,3.5064488401950293,0.9072775919437186,-0.1142833586422148,-1.8663115941205766,0.7721451460788563,-0.41994814121660495,-0.7305778884494614,-0.33554688225089485,-0.3637638725584861,0.23152394580583727,-0.22668341554400512,0.0528212678275921,0.1646987739034765,-0.08872105327147263,-0.1507691854086047,2190
47,-0.030870527133995157,-0.9873690777014367,-1.357111356138112,-2.030067856008074,1.3521090182869717,0.5611698861066997,0.7423338893818563,0.5644168264877535,0.2657351187174973,1.4955374201257157,0.21169682919091962,-0.17850266588942362,-0.233772600952156,-0.2319689625730851,0.08165100976621413,2060
48,0.1488242126982692,-0.07733850240874088,-0.9532174824821013,0.24580333334102578,0.0926752498487433,-0.5773150837100824,-0.48245858790028234,-0.9122734831386884,0.139883275936446,0.5165379858810139,-0.2614828905174863,0.05997682201890237,-0.046898199031931126,-0.007667823405521068,0.12349946645341593,1580
49,8.0364168780304,-0.8690039859143518,2.441507664842084,-0.4509579248510693,-1.8501320301174624,0.8616370083269236,-0.6801931012342554,0.26652598106525643,0.635813880051969,0.03184068445774403,0.04467700865356257,-1.3897892294431882,-0.12112219102793767,0.3108096491697957,-0.21185919690952484,1940
50,2.1348654397956817,-0.019431872631726486,-1.0169302554145363,-1.8865776733070512,0.4431362183789246,0.47587609299972716,-0.35712028170654436,-0.7918248065720771,-0.41821850875130656,0.8075706393297779,-0.34668621501218116,-0.10528595068806625,0.08601222812685669,-0.07143661058876913,0.16955535357482945,2320
51,2.2154474332301173,-1.1772545107527972,-0.37159442657831837,0.3028918601532665,-0.42520778745357957,-0.13229837846831416,-0.11265517509728416,-1.322288988242973,0.08766742839932166,0.4206290674790106,-0.09567313084430974,0.4172330127957654,0.01908648720147943,-0.029331898910532356,-0.05289045780792318,1910
52,-0.7213492350347288,-0.4765683056298167,-1.6346053228197948,-0.5937748399767281,-0.008968621641799353,0.23571852002269106,-0.38567052257048273,0.7035227938346638,0.3172579431696376,-0.6576012257182022,0.6179657484965498,0.21376688436205127,-0.02463008024912721,-0.052526531863631515,-0.13403920201711553,700
53,0.9332994187355138,2.2994201313907277,-0.12335443142151949,-0.22755913912625186,0.3176722503629233,-1.275920731114892,-0.6456327127421865,0.1601186967056075,0.6265275605074615,-0.8223707943240052,0.07644939361772354,0.028022834230031962,0.07660940384192504,-0.06997518788674482,0.11646482476386619,790
54,0.4756382065062764,-0.7468807815989879,-1.0574079641051553,-0.5273822072620259,0.4103113729542118,0.1144569676752474,-0.938033084396605,0.05174498182695517,0.5629941183109107,-0.2809938472399041,-0.3860191038598572,0.3496198022064576,0.06229455104302969,-0.1642652064594857,0.17625579542961614,800
55,-1.9242823053791642,0.5212263050012422,-0.8052868912419318,0.1777626817542221,-0.21905296817811684,-0.4203059045936478,1.979708233396909,0.1435932377255585,-0.059116398108560585,0.10124755070282107,0.19711071213226383,-0.4676738350017319,-0.03978165342373257,0.33262657139341534,-0.036876370942313164,1300
56,1.0410685205328776,-0.5442209831378347,-0.6901713788533982,0.6679938458819301,-0.09700667291237497,-0.3559633786308702,-1.1362403547822564,-0.4775692931400183,-0.09442436678726056,0.09899406698377143,-0.12875007043760894,0.5436438892994897,0.0797663576057966,-0.15219198045183435,0.21365031485738545,1340
57,-2.175632092155737,1.1459703544247126,-1.372600181858042,0.6939447249803009,-0.6744178095832883,0.03707852122949104,1.9907603317738236,0.1848669042864998,-0.004812297339706454,0.3863621750927251,0.3654599240377677,-0.5189043540059147,0.12813006916455627,0.04959302462689484,-0.14071113896479118,1310
58,-0.28960600544584464,0.6268104820672602,-1.0352599322626101,-0.28920761362815306,0.36279633478456497,-0.5682704165793133,2.6003845486204407,0.21282723613811305,-0.5136370276898155,-0.0669781497900554,0.33727555832789097,-0.4530109292668,0.10650720603550858,0.06909367591568626,-0.1785733187545035,1840
59,1.9868324598030296,-0.8152601632060715,-0.5401775441271998,0.7696446847113331,-1.2386845439785783,0.15827582106299865,-0.6451016328453296,-1.5059133739515016,-0.03216979282922608,0.281394602940743,0.35593500892863006,0.555040899457633,0.057727867595999315,-0.04659844012836068,-0.24660785701721638,1820
60,-0.7329990797401635,0.48914527544726766,-0.8297174796967537,0.3883485334603369,1.1190579246771866,0.10127075604073511,-0.19170205614446834,0.21258711924096185,-0.639704849030837,0.6345761620379713,0.3177428330724578,-0.41101305128763993,-0.021880121614274793,-0.011194587554519764,-0.10747415708975516,1880
61,4.2229884926533225,-1.8272016221216212,-1.102567438823881,-3.819802522110398,0.8238410174796156,1.6014206803178896,0.06353401907674992,0.0724504241936728,-0.8659414830205514,-0.04877008331503559,-0.0005545037753257611,0.1597109323266868,0.015235595442050595,-0.2095252342604371,0.446141224550984,2500
62,-0.2587231689040044,0.13647652382921246,-1.355623560898216,0.5752685437286296,0.12206178096825207,-0.18913129901297096,-1.149722143741952,-0.16908889388536172,-0.9569294913951351,0.4456684934189529,0.7789072549874474,0.03477194495990229,-0.10635607545631791,-0.05319916715364046,0.08716235296102337,1990
63,4.049791014076502,-3.1249428104025196,3.0595277057715906,6.973367444909168,1.0274309730923215,-3.627252693119615,1.6273636954090773,3.462238550418065,-2.753839136679081,1.1935739211807848,-0.07825285332924009,2.065089523986201,0.44460332603356073,-0.9028532459233028,1.3819935852686371,2210
64,-0.06774846488927759,1.6388392030651,-1.0275183522967632,-0.4609397235025958,0.3747927089970239,-0.5329101727429866,-0.413568172895067,-0.08479209052145605,-0.28135108248062274,1.2685010259927973,-0.5204140784689909,-0.7902356633932809,0.06899963541582707,0.023758459336517285,0.20331244997130254,1980
65,2.9035903760243924,-1.7287076140576128,-0.21450938545970777,1.4436550532951395,-2.0758900900509887,1.8218735775904127,-1.0224338082359683,-1.682415819429343,-0.6723022195063186,1.5639689318400678,-0.866107370149286,-0.3791899001872449,0.1235958802227962,0.05919093978808723,0.5477412379073154,2350
66,6.076012828150112,-1.2356955466528883,2.1201918493600562,2.1050121322389934,-2.736527301010723,1.1606576971142428,-0.6938342791392632,-0.14016019205651192,-0.1589785769131456,0.8578746490234365,0.5025322508962202,-1.3957996658316176,-0.27306475810125336,0.3313113957743423,0.16732297982916772,2360
67,2.4206957779305176,2.7667153205157793,0.8800792942050298,-0.2867374756415619,1.2554656137977418,-0.8664508174299066,-0.5654213340401602,-0.3420844119129298,-0.20185315299914833,-0.17542220203512965,-0.11761595107197943,-0.03110902542605985,0.09933692510993969,-0.03066258412782746,0.005331351099709913,1850
68,2.000685955078185,-0.48040243788023823,-0.5027101115454675,0.6361951966145556,-1.1205399260178253,0.02212699529394795,-0.6777056117376489,-1.5341230633161178,-0.015147692244245455,0.2281842068974136,0.3386092938126983,0.5327367299186385,0.058268694688312174,-0.03813660428519139,-0.24836869829103006,1830
69,1.5461266439872863,0.4151961028779328,-0.7375883001705129,-0.4970991773626245,0.09094184420883046,-0.11125223091287846,-0.5108031522755421,-0.41333415151027214,-0.4866790823406376,-0.36004473251336655,1.0416774690670658,0.3642477416212217,-0.0436321355332521,-0.12816608563869844,0.051883603368207395,1860
70,2.8814145879645214,-1.7892754690018262,-0.017342244187548036,1.140256220726868,-0.5145291499573664,-0.4467498820686838,-0.7037112754480069,-2.1325210836362847,-0.23090411234434433,1.6424628789962896,0.5511056085858741,0.001082264378553888,-0.3600587645542852,0.19012544443136253,-0.07209221014803814,3010
71,3.583654802986623,0.9192683753497589,0.14955128060867953,-0.7787972898014248,0.170829422489244,-0.9152170734069476,-0.9702448271838954,-0.36623545474918595,-0.24170899496750636,-0.20699387961671276,0.2470832956669232,0.34529690547273845,0.1355218993811262,-0.12824777752872388,-0.05721213998240915,1870
72,-0.4829132526054546,1.1578254645395614,-0.4811426565814672,-1.388109408606833,0.17205708271506617,-1.007363589912048,-0.43430243818015085,0.5597095907246626,0.4345306198501893,0.22202075781737923,0.12079053329023151,-0.2171450371580815,0.22741178332389853,0.6627602644050987,0.06399128200532292,1090
73,-2.7445638646641934,-0.7411407607149072,-1.7530032493557874,0.5845421243392057,-0.22102600224293878,0.7924741382169895,-0.5561977464024722,0.9330328822910924,-0.12631952643639688,-0.3514619403993916,0.057414635457156825,-0.34603143709244094,0.10943584769902964,0.09502021010836968,-0.5279563847394038,450
74,-0.9937973720878962,-1.3826453114360298,-0.972682827025016,1.891315396915592,0.7452828252434203,0.2581802710315122,-0.07705799030082863,0.49024592975275094,-1.3638785016188228,0.49390335383698086,-0.3373758009182824,0.28371268639571695,0.1630096072775729,-0.15387564281823973,0.2647416450441287,1610
75,-0.09345361459361344,-0.44785215408016066,-1.2944221827759232,0.7698568164725783,-0.7803217561708555,0.9164189156221634,-0.8404571204678501,-0.8477712310654012,-0.29031993928045347,0.558545449335017,-1.4004220259531792,0.20336197029411907,0.42301520300709516,-0.12784374894991146,0.5138977856661867,1140
76,2.226151557575,-4.138578619919059,-2.100592385688748,-4.640847597806258,1.9841165923393553,2.5610888431392635,4.376501409379906,-0.05960940967605729,-1.1520582522019942,-0.6763706074757523,1.0873805525724898,-0.5593257475174076,-0.23521735580407585,-0.04909028818184525,1.2517251081323235,2750
77,0.4407463088790787,0.6773602338608086,-0.834855109751341,-0.48868345729954715,0.21368023944380796,-0.5485772997338252,-0.7481513334330715,0.11861412884425075,0.20639171712281668,0.11015247245935669,-0.6518285821899893,-0.061330535729766,0.12034693457127335,-0.06047738983659955,0.020551522574763986,1120
78,-1.2791345977757824,0.1576657103570269,-0.7141423618739935,0.21968875126971152,1.1466062277168316,0.2713809894153491,-0.2947588245013758,0.11942063351037148,-0.6557786372300014,0.65678011374989,0.4633598540253965,-0.5510116846279048,-0.16310016418348655,0.14743696570332065,-0.03366991919914125,1890
79,0.8599879191963999,1.9007447206444221,0.4536028587373563,-0.2844075945744629,0.6554888626300621,-1.6474139638313647,-0.4126419380778954,-0.44102018481717453,0.2124206204136796,-0.244719294639385,0.32807306820156584,0.04756285534426223,-0.08748883244154125,0.38112353694568957,0.06509929333985802,1490
80,-1.7366899182589568,-1.9478529206398865,2.21319153689571,-0.15894220267453066,4.4968748543095876,1.6128259117555488,-0.17821953491343875,-0.4459224528657738,-0.3354837490441293,0.8670473472589059,0.35465489802688827,-0.21572442561099475,-1.3027939233997659,0.27777423116784145,0.3003585764835621,2070
81,3.391871346859646,2.1058577973586305,0.9606419883058445,-1.1163125372295075,0.7250988954696989,-1.8676529275717342,3.384455245187115,-1.0625983074834202,0.48241380418861207,-0.0016833798481827838,-0.43792828524576627,0.24682686436418252,0.38250943396391396,0.027775768551785984,-1.439260346778328,2140
82,-1.212658099769764,-1.7433373131327095,-2.166311357275808,-0.2286182191368845,0.5416300066065292,0.8965806150597897,0.14490430492679596,0.0011449565721972578,-0.9856257010524765,0.4358830206916904,0.5013479967066684,-0.541282766957536,-0.09493640483321286,0.06462079568927015,-0.09064474485243335,2040
83,2.2761648986893364,0.7378894110371689,0.5637696239425751,0.05430794620187606,2.3101570022087587,-1.4880105842412852,-0.5398717653276881,0.6261946045797664,-0.7687614960372475,0.39999284080778114,-0.3911209427870986,0.32295615205446887,0.09099374800459889,-0.1760927016228373,0.08286626908651618,2010
84,0.600881717736807,0.5210907891842051,-1.3549599879734013,-0.5669528218590361,0.2673595827545931,0.5965577399986942,-0.36712476530449367,-0.2183631756315361,-1.8845316377660748,0.6266142635064329,1.5953217550394718,-0.12173110924230972,-0.17251870286121507,0.025352215835064053,-0.16398171382054147,3040
85,-0.170700995515421,-0.6363833001156751,-1.0492745728347748,-0.7262432347311939,1.672795302215014,0.09747990120528542,-1.0747627731062004,0.33107161603199203,0.053294984545105714,0.57332094494047,0.10786499520133926,-0.3528565838539593,-0.2234790339263462,-0.08436490363269636,0.3617063982838542,1550
86,3.7056139915024082,0.1695325733944802,0.11689165324715989,-1.0365351516602206,-0.23618119457762202,0.04102636914340231,0.9915330444009657,-1.3426369183130267,-0.3021988911806765,0.4646496171814455,0.09067653046733168,0.27524033134679743,0.22126744946270951,-0.03919643444080856,-0.8840792972476397,2550
87,0.5711885390730478,-0.9727848183355455,-1.2766452185241997,-0.024158788209748656,-0.9598141160847975,0.01805707218277581,-0.8023263637529601,-1.1537280931235983,0.7086344683496013,-0.34465067219933276,0.15683524698104503,0.9161342862711267,-0.020878745772387165,-0.18055922411056846,-0.08993818571990969,880
88,0.7682930461029219,1.2365991577634015,0.34882838222892926,-0.29048304467807823,-0.5018889180091013,-0.7957620070388518,-0.8084459810500968,-0.21875644280857776,-0.08097086923759848,-0.4781898422101881,-0.7182623332301624,0.4863657253891744,-0.36865275257919833,-0.0865097653376675,-0.3256982110907485,890
89,11.674257710822856,0.9238592096823466,8.581555078160202,3.6294870397019796,1.8194506946859803,-0.6961003741457878,-0.17210368054244823,4.12444379546114,0.6321067617277653,-1.2076926813938622,-0.42518094376637305,0.23835359175773152,0.051540327903409434,-0.18758232482094456,0.007897546036123382,860
90,-1.6358376754866104,0.3351770640498725,-0.1825415012890454,2.1606815399626975,0.2161947448606976,1.5840128869208498,-0.09190247673993349,0.49678621440074927,-1.3213823636883326,0.02469186676204939,-1.115412842625952,0.07224160888880192,0.7830963271535336,0.175585649995812,0.07751749899714955,950
91,-2.561269358551248,2.7953834805994506,0.7053990060106992,0.9348428637839089,-1.5204268847027724,0.8863123342919377,0.14992026937553854,-0.08190598524755437,-1.1805427126424763,-0.4532524242021569,-0.41130614805998783,-0.1796309118591399,-1.0984181308424854,-0.20055230754692144,-0.1102511446473271,910
92,-2.1690346408601897,0.8763003340743211,-0.446605735515246,2.3765388544710664,-1.9322530965476674,2.268326032056256,0.3402604587381853,-0.48920398663861475,-1.8469298737055375,-0.2372248782062312,-1.7242998868770893,0.02508582313965071,0.018901357441208376,-0.27080389608284217,-0.23664548773720626,930
93,-1.173774457012111,2.6939048815130326,1.3267556596372396,1.8771833364534358,-2.4089696572455632,1.7037545066043247,0.2386591468301827,-1.1372727676806131,-1.6575233641828693,-0.6232535283047286,-1.4777871201698531,0.4329356307304986,-0.4186090428889267,-0.13925006857699207,-0.5172528397608062,940
94,-1.2362285573378282,2.30113030128672,-0.5042422110496506,0.3317875229644794,-0.6426778209327617,0.606252130019901,-0.007877318255089786,0.2926044959986343,-0.22674044551143543,-0.02521092192075282,-0.13043830088009806,-0.2575218801369848,0.19274509850899052,0.03100729509531166,-0.12500144628416068,1020
95,-0.8153319442505461,-0.7272084443693507,-1.8661070432992506,-0.5136771757389589,0.020397515931045124,-0.19782210953088275,-0.4764028521195972,0.29971260180135284,0.4502026159541291,0.27017320719603205,0.053139032422050696,-0.006260731437532723,-0.08180424666492483,-0.06759421971776719,0.027772277710930753,1050
96,-2.287645471806924,-1.9953925398590284,-1.9178830860484632,1.0883051327962847,0.49425354169699165,-0.6852250771394074,-1.614715226159943,0.18983870922190563,0.9396035574071457,-0.06079233757684052,-0.19366653412947465,-0.07008554417668021,-0.2318084147944185,-0.10777214130220669,0.21812877442498166,380
97,2.541810426477008,2.0515751916506377,1.0483343253566035,-0.521227353113782,0.5595808733112418,-0.5336134548615065,-0.29498389821629645,-0.9791921931560265,1.4979142869856439,-0.40752606117000095,-1.4690863957944476,0.3092976472163866,0.3696658913783774,0.02565191751199015,-0.8256849898996258,730
98,-2.185097057761778,1.8949533718339011,-0.7177974523874356,0.634875770323326,-0.7013921327057072,1.0608269668932375,-0.08666638829395756,0.48393801965637867,-0.4511111707114072,0.18900418916564832,0.07568466811658425,-0.39620798753941366,0.012959849889064666,-0.06996930754690552,-0.09811406607488316,1000
99,-0.9552116949624676,2.821499474338529,-0.36733453858564596,-0.10514061127354628,-0.6252555415271946,0.05224874450681958,-0.37668192169865533,0.3123362727172992,0.15188883492628966,-0.005542987626571386,0.47361332252754806,-0.11967136561764304,0.04486346796320364,0.029365191647609153,-0.06908753892357128,1010
100,0.7774987822757599,2.2965718830572652,-0.5429031154180519,-0.4596871704511224,-0.16706313701687767,-0.3524595376645181,-0.6046363320816933,0.10837875273080938,0.08444966485574747,-0.7529784287626173,0.3501568400135929,-0.05734171076319385,0.09572877886962082,-0.0974947698606305,0.34444001849125677,1040
101,7.635758234170368,-3.403345272014343,2.8762907221891285,2.078382327922907,-3.783044557603555,0.7396052288271168,-1.8386160131280358,1.496111237356243,2.144680849495236,0.2819693194372118,0.49532827285528575,-2.23444641741228,-0.6392540307426006,0.5635698802200755,-0.17749965520551914,820
102,3.287936326794544,-3.103458174832119,0.029884315827045878,0.6084068748540336,-2.302092802439882,1.3339876421566597,-0.08596723294126998,-0.13457353366883157,0.9736014283028052,-0.8996174678498864,0.9816174952620759,0.32721625950152505,-0.18662081220561,0.0016354772803590502,-0.153499893736243,840
103,1.841544252307191,0.35012812100776153,-0.31869179989716356,-0.14222120465545735,-0.12846680124529172,0.008656357320778659,-0.6924331700107982,0.3379761418125238,-0.007386113689061343,-0.9120132786368375,-0.07922212543756822,0.6987908239302985,0.3257857769883597,-0.2720897512253545,-0.05634993489847643,830
104,-2.998067786739529,2.106390796776027,-0.48048769888484744,1.6478436250452029,-1.3681078972310206,1.9911077665842725,0.4125970746807878,0.30972240353129005,-1.417749155175273,0.08511735954189067,-1.3273103451757078,-0.7295291738976551,-0.17262292950027003,-0.21333047367662133,-0.17927866612195284,900
105,-0.6801584826395574,1.3533677802936661,-0.2749134744983206,2.0676285852698686,-0.567579125937658,1.426253513889223,-0.10059751987651959,-0.14445999259646877,-0.9456734514018758,-0.17506860802615032,-1.063199438745176,0.1328044423371268,0.64324531779322,-0.15609467940015276,0.12667943063527054,960
106,-1.527255222231378,-0.9492172629700771,-1.723298657475391,-0.8908694279113493,0.334217485791524,0.4393159996321014,-0.1987982694786079,1.2325312865741471,0.596879475978426,-0.47309205589857317,0.061891300014883646,-0.18883324691856274,-0.2145027743075168,-0.13608193372416694,-0.0716202355624402,360
107,-2.6435055664724953,-0.7653040518547439,-1.3018783735348187,1.137447048017473,0.22363790738195383,1.3805401415101495,-1.006192342187361,1.3544036502728298,-0.7317775545086794,-0.8380858245961544,0.6338186429540589,0.16726288256934818,0.2883410170692,0.07376152048705742,-1.3024090576225635,430
108,-2.5810501766356726,10.509002168505212,3.3016531450301874,0.581017989011511,-3.67990021395018,0.9938778504653282,3.3182263974513893,-1.0439969423299615,1.4827289678819549,-1.6535842091360196,2.2239819152166627,0.30213373143047545,-1.1932967325624368,-0.4972706831445049,2.718382347023935,140
109,0.6415273509268914,2.2323951229265693,0.36142188753405685,0.21920212819274176,1.1664472105198749,-0.5984007066989967,-0.8523627505335396,-0.26083808119956425,0.312138496365954,-0.4295460001457392,1.0224897756682763,0.07960279139617021,-0.2272709287293424,-0.05037770933771338,0.17440412132609293,1410
110,-0.37510526389417287,0.6102986310197427,-0.6303619307538479,0.6449701252175892,0.38635360515019573,-0.6153009221700152,-0.040340275391137485,-0.5763131437669649,0.22553712969274287,-0.2974091697429539,1.1115425852872798,0.1653288860132657,-0.20008133245636076,-0.014439385051111106,-0.011435337014147427,1430
111,4.581155465204414,2.4118873164300916,1.933224468338624,0.6654989368051503,0.9425341856284255,-2.0199662028570278,-1.1545111827872765,0.4732228991761786,-0.2599303349394689,-0.5860604940198767,-0.625974141519617,0.6045309179207229,0.4003516981122412,-0.21909967667481842,-0.12082787678305348,1440
112,-2.1965246580497735,1.6342486425482212,0.5830203108133417,2.426619642304206,-0.1838080871487119,0.7890659608842053,1.8617227917924393,0.3106962881348069,-1.029232341184368,-0.4550247502051391,-1.9613086476038692,-0.38730442282452054,0.39433960118917316,0.08183726358979113,0.375214201713326,590
113,-1.4470936582967875,3.9221816153144946,0.5385074011506943,0.504406808083573,-1.2583580598668516,0.5725481848135132,0.33082720736143684,-0.029380615936886866,-0.05239142170977556,-0.39450467539324136,-1.0565156192578522,-0.4533838591860662,-0.010185093433911413,0.06112819747561468,0.5957544103585055,510
114,-4.238379263019175,-2.5022213960910498,0.14010561471791716,0.21591067417557314,-0.46755604062996886,-1.979231170786971,0.4061182488650906,-0.058263936100378305,0.3124054695008211,-0.7887606509633767,-0.909438739234052,-0.5153614951143572,-1.6760784653884142,0.2877913482647058,-0.041164439179814875,150
115,-2.0366304350975017,-0.7110589774209612,-1.387270282177312,-1.4072868849877047,-0.08266563571370739,0.5584749435133205,-0.33638287000054656,1.320649780796873,1.0766582501108606,-0.07911505354189628,0.22039068757177838,-0.040682088447931815,-0.4108687749251283,-0.3286709751095539,0.19526925040996562,200
116,-3.54264761952776,-1.7898532684767159,-1.9674781094998848,1.9593907568835285,-0.025473690691583856,-2.1303128001512945,0.42346349609142747,-0.06430751556028962,0.9867513805077506,-0.2517421621488399,-0.3975356107547717,-0.7581604177153433,-0.42494847361916327,0.15898871332469944,0.27901357060327664,190
117,-1.945535191918579,-1.985230142141072,-2.3841181170937418,-0.8398803503722977,0.2176207789837055,0.5979067587635386,-0.2869554274233899,1.1193146553455415,0.46347441919548005,-0.9554179532332354,0.29982372954526654,-0.39821543041640123,-0.1730056678126949,0.034284529841906226,-0.11035865223921978,220
118,-2.521738879432847,-2.780678372582951,-0.5040879098777197,0.0452645340619828,-1.4907139778815923,0.0799029090022764,-0.3839802243183794,-1.0159277876897252,0.4117551159226186,-1.1712008757311798,0.42983676927355774,1.3432847113015611,0.7605090217612754,1.1608822039835902,-0.3494289901213474,100
119,-5.331257478578565,-3.0525744481229182,1.975934311060578,-0.8524316961874192,-0.9361515385407219,-2.3543939203415234,0.05812333040954947,-0.45134754822933015,0.06520265441596604,-0.7090378919778364,-0.3774345086253998,-0.8876019730442588,0.45765415267959003,0.43711575026204263,0.38279529198575957,80
120,-7.579098407490046,-3.5416728137767315,6.542083544228523,-3.024839694076548,-2.1130369023157205,-1.887143152272064,-1.2366225917402607,-0.6950737962218947,-2.226269648018052,-1.3783890618714578,-0.19016972011973604,-0.6799307891177184,-1.5535545472634333,-1.9287775346786122,-1.0950900355736974,50
121,-7.6772603720434445,-3.5621509890859113,7.711562598800675,-4.749410939207659,-2.8096470572980987,-2.267349841006087,0.26276772201223786,-0.4203398872874588,-1.8015340051022453,-0.009428550559998392,-1.4317960455744196,0.4185359735941463,-1.2884375997910342,1.5711787122246577,0.7967821284494578,20
122,-7.189859900150549,-3.5635676193927854,6.222969019562418,-0.892961554109934,0.6564183283000037,-2.389808408688765,-0.6421117421826558,-2.0916589022205416,0.5187285479466035,0.10710968917404397,1.1089237043781601,-1.523829142301655,3.872497170894849,-0.5570253050581723,1.0276215189139644,160
123,-3.5669806559997603,-0.30171249824533886,-0.17351374668942066,-0.06626571927964649,-0.17319526122511902,0.9991016289638577,-0.08614036468759462,0.8077095964664242,0.9354774495206312,0.3773090175578705,0.37462770391187233,-0.30381840788773745,0.6442056656341616,-0.946839709727672,-0.3606594992019121,240
124,-5.402439882229662,-1.0262562556083399,4.680998751985195,-2.2267612615564945,-0.5417533774198603,0.215379892143976,-0.3010086982148495,-0.020980122994208494,-0.04894734038235195,-0.20963514855710416,0.8700708127825633,0.2501651682730604,1.285178240082585,1.5220172289869882,0.3999356958768199,170
125,-4.3970252967137275,-1.6913146846951665,1.5724312140540382,-1.1251724751421566,-0.8233077861283601,0.07775270651708649,-0.20742090607027494,0.4940857779351478,-0.4575384325778447,-0.7701964367853132,0.5317854496169836,0.13351129834035294,1.8095801228644979,2.840692909032131,0.17977942256311047,180
126,0.9512937268842226,1.8933102580119379,0.30275761521115513,-2.4041659276049394,0.826869424586157,-0.9703123983672709,-0.730646843472979,0.9177999865469706,0.7863960731358084,-0.6710223228040255,-0.7893216658796611,-0.3131434230571541,-0.33818080048167254,0.23271549968976207,0.1030680995591414,670
127,2.314047858201202,-2.457074037177006,-1.3561361871314936,-3.285173518299173,0.9355653484630962,1.5384441396026187,0.12835462428600644,1.3636455262264275,0.22160227681697275,-1.4710036625583975,-0.2739080745059073,0.540237492868322,0.051915635594363345,-0.3104838638325233,0.6302350977197392,680
128,0.7073402994672306,-1.0978625883621103,-1.3789648836175648,-1.926501460191341,0.3853164095343459,0.1910214455345232,0.2449969241776322,0.6122348652676827,0.954643647379667,-0.9964081339775767,-0.38546785392917426,0.20829162913937982,0.05055271187539719,-0.16009728051394337,0.15488185341550223,420
129,-0.5730782364739505,-2.931065076799487,-1.5042507525237425,-2.0753973550653604,-0.10857379906270397,1.0974033475562515,0.1987511588268829,-0.19429765088616077,0.8211496224767312,-0.9894653671399378,-0.00535313960634371,0.5987909652210365,-0.2797425550614384,-0.1597060853813865,0.4004935950234734,410
130,-1.2351337372565228,-0.5073493648663222,-0.6086961620772613,-0.28788839740360656,0.67952357092145,0.27114402536829973,-0.45370387573891147,0.17954584306055216,0.9770798824431793,-0.5350206308826436,0.03357254963877184,0.07089208633004686,-0.3702551454143008,-0.20307224964487167,0.06418352051449519,400
131,0.7145253282869489,0.6334574110847166,-0.4060387801745397,-0.05638052560700802,0.2620886322419572,-0.32664695754964496,-0.3408720990775469,0.08662986208474564,0.6024568127037688,-0.4911079326378898,-0.6094670346676021,0.3582641917983301,0.26464544919117583,-0.13240557206685866,-0.1198042996438369,650
132,-2.9874898613230316,0.13525395162069842,0.29379787804531826,-1.1006582857396239,-0.49201659550691,0.9719202141314017,-0.7168657396824311,1.0297480860861623,0.8576360950142589,0.8989242703199959,-0.11251194636636502,0.40587579956856384,-0.11190871170634116,-0.16795735789749827,-0.08397571734109044,310
133,-2.979194993703983,3.8534636326044978,1.0873704466959369,-2.193057308737433,-2.2098833141896828,0.40127742393344124,0.9153957217813897,2.1622567889906823,3.2711456906524794,4.2604516589861285,0.5023767580481575,2.1762241400019997,0.73097248482108,-0.4594736626132156,-0.5573561314467016,330
134,-3.03963368791062,-2.0359362982333327,-2.2948479483510353,1.0819146138721452,-0.005157997940524981,-1.6108190818027621,0.6988635044209957,0.3052349960470838,1.2131910700990265,-0.604693803281725,-0.486191518764688,-0.856886252240722,-0.2550900098880898,0.28650874446132557,0.132641026681863,210
135,-3.447970533430667,-1.7523979065682254,-2.4035634605887792,1.944499069225033,-0.10877596803864552,-2.074549492087426,0.44283300943783077,-0.2511678166707753,1.016398506287914,-0.06770995810095026,-0.21825386749998224,-0.9033869813262911,-0.20978257095032282,0.2925554993067918,0.2931461696850657,390
136,-2.434782932267213,-2.4999023069621353,-1.920308522953082,2.4498431135865073,-0.9132061457866933,-1.5783765917410768,0.18152311251398995,-1.7484678472473314,1.5556975823810875,-0.3522956231740414,-0.3268247440543587,0.6683498261854128,0.020683017136059908,-0.0508906493003347,0.33027814297415375,110
137,-3.70831587341229,-1.885182115774991,-0.39340999492794876,2.3822604863896317,1.6807457121560205,-1.3772740523425349,0.3433658780623091,-0.7229044465361402,1.8274173019365147,-0.13328255171534673,-0.0014022349064476208,-0.7368581119014935,-0.06837031001832458,-0.3857770384909428,0.2326685494815474,120
138,-3.8508201197115683,-1.9957244352647798,-0.27625833924876636,-0.680053077094001,-0.8556598371307028,-0.3550899828545805,-0.11133766963573237,0.7839179218574984,-0.279747191663411,-1.1895939920958023,0.27820845251641463,-0.11517851247235024,-0.42526578323013026,0.866938086494778,-0.6989514759429476,90
139,-4.012295832459025,-1.1562417679298944,0.5894427345784702,-0.4604087320789439,0.021843575159033544,0.6621371975470542,0.040714396363081946,0.4761427814467598,0.9074175668827668,-0.3965790713644572,0.6887095415908797,-0.8560720239521078,1.0090014322028995,-1.9586571742432484,-0.3787198865022752,10
140,-4.749678306042551,-2.2409477510571247,-0.0698227188741475,0.9342862777797104,-0.645464919404928,-2.3931945128143437,0.14794663906199765,-0.4747584750171099,0.33775857790386055,-0.5642413114576894,-0.8108971120507922,-1.0273895101082735,-1.9249592620525091,-1.3429035931944344,-0.1379885009290571,40
141,-4.230061495013279,-1.3965993274322674,2.2392467609145523,-0.22061425336911156,-0.12917165438165365,0.528412440161625,-0.5820415350488087,0.6129795213282382,-1.3154728908171638,-0.7328836169306395,-0.48518387393242995,0.4054521452282174,-0.39608267021113147,1.7518737469076744,-0.5983301792992944,350
142,-1.1308516003636444,2.147860743791203,-0.322729627536473,1.371939847966609,-1.1252903582964926,1.078534126957863,0.29083293450747544,-0.11414124708534028,-0.3466619710318685,-0.9879376856905752,0.14650016061907564,0.2434053324754141,0.549128583878788,0.046439079244738696,-0.12019485168046767,600
143,-0.941187934497512,2.206425752578352,0.221457035345645,0.16054392154141142,-1.5639511188183302,0.40204747895383686,0.4126898016893492,-0.8686685537318212,0.5040072520788776,0.016252641052818796,-1.2080888729138684,0.2917857940099861,-0.11675214627790745,-0.12991927225895336,-0.14137561311604754,560
144,-2.932461131188388,3.8344247714318325,2.4446022693610954,2.408588865265047,1.4337717997715935,2.736363477200637,0.6513630515999119,-0.765866853001243,0.6812588746925474,-0.5830042784123286,0.5841020296675018,-0.4343717767849773,0.15131605960921168,-0.21283286028746826,0.19566331195455386,550
145,-2.8226557192058515,-0.40354004755721506,0.15874452035469966,0.2724482465080664,0.9798600730737443,-0.017216813614306572,-0.42809322619587337,0.18253092778673663,0.9557597451962384,0.3325594576333445,0.10727161589301265,-0.24339593902706577,-0.4622077651023013,-0.22001396497139913,-0.08892929554189404,540
146,-2.8324951029341334,0.5690544334318202,-0.817496127209013,0.05672188572397358,-0.8106940898054558,0.6115962797913042,-0.13126900358897206,0.9554314355225598,0.4813310505403058,0.11044909328867968,0.025428473564248162,0.0103425800847351,0.09397708530793428,0.11155086132703346,-0.3959810794771151,340
147,-2.0195119858913446,-1.1343739435575082,-1.3735978401439541,-1.1336273054521564,0.1613960152230364,0.5976570877657355,-0.27242216945993875,1.1863010907732014,0.752521498521225,-0.3495888447392685,0.05348015366223208,-0.10914059628414932,-0.4783469436995836,-0.27256484015257637,-0.041092114880172795,230
148,-2.886484125450232,-0.4187128997420662,0.8129102010955437,-0.7357221542858221,-1.8370104513154946,0.35137221887990866,0.11164622525731839,-0.2508953094379525,0.20882335549021253,-0.8321121919814268,-0.4152306791859177,1.004830697594994,-1.717240878758424,-0.27689950526131574,-0.5923982744243637,70
149,-1.0842489096412635,-1.8271217727581313,-1.8816188441043233,0.9742446436763681,-1.5808158230299167,1.4608204914456866,-0.8175757551978576,-1.2555575799054928,0.485711061248317,-0.5529201698073944,-0.7831885948447214,1.1078255673778117,0.3439277916526135,-0.215663639361509,0.036216109534969725,280
150,-3.019732173155452,-1.2785760947787075,-1.531679957212632,0.07728544186171739,-0.5460763086880946,0.7103881000932591,-0.1377341273742961,0.5862028069520168,0.3348571442913147,-0.3424443198850425,-0.19440677613623347,-0.49992591941776526,0.10341423411657977,-0.546959934924524,-0.2616213541297611,270
151,-2.9843163314362338,0.24477175985285482,-1.1666015839415262,-0.6212888856858011,-0.8774355710164814,0.8337257287274791,-0.02372224204114723,1.5303321716286689,1.460422347863176,1.630046456780934,-0.3110891776869789,0.33597338253629194,0.28649225674398293,-0.4391720207960914,0.16822536577398434,260
152,-3.408407796831248,0.4681100947753996,-0.5000711771669367,-0.8777437438839185,-1.3725353345040014,0.8594358091267765,0.4840481247746968,1.577801693421257,1.432188903121884,1.6928033516623313,-0.03443551924878289,0.7243259119977769,-0.137531717298185,-0.6964286456944301,-0.12449685148438433,250
153,-7.054439818654611,-2.934510818339586,7.463559378099674,-2.447946250086632,0.5155272647998036,0.8065826863487247,-0.7804795189796728,-1.27083492431594,-0.8749918176357695,-0.8457078867061376,0.4767861719106421,-1.4920084106247975,1.7472751995610392,-2.64017396858913,-0.43669816374411563,60
154,-8.062192267269234,-1.0627796436598849,8.008924375789743,-5.368351847577328,-3.6869442581185763,-0.39893443261346073,-0.03347345947647058,1.5576751832716684,-0.06386527948518583,3.052089930427715,0.3512964654767811,2.587820712624216,-0.7895372867639839,-0.0596613769754567,0.08237428764317285,30
155,-2.802667823339721,-0.9837461198723629,-0.7220650229352539,-0.37379940975468495,-0.6163081186407314,0.7271030217410599,-0.8558586628794626,0.815810598113216,-0.3058791162348347,-0.4537471570507081,-0.4886201140102024,-0.07205503058547161,-0.1014138713356379,0.6269394886058279,-0.056189785805032054,300
156,-1.2350540178775469,0.9506144047382329,-0.44441564302024106,0.3781215678442896,0.012375285980841186,0.1252669696533258,-0.3698408785442229,0.64867718330872,0.027916209186339653,-0.4628429618251189,-0.4415545738671382,-0.06860828984133956,0.11867107128828805,0.08046891629376629,0.010620032699688784,530
157,-0.7737360324463465,-0.3986899895525731,-1.7480189673854707,-0.34494165435641255,-0.004887007963230307,0.229979660876198,-0.535168671439091,0.37439292735469604,0.08156336996483819,0.20053676225775022,-0.27254000943101314,-0.16170543546949764,0.04687103653198492,-0.05848048071934207,0.11873311226553897,1070
158,1.1384198230611127,1.2856208076070605,-0.1567906625965872,0.6327187589957272,-0.8133372053680935,-0.5478446022143463,-0.3358469216552422,-0.8358186708650381,0.19565698506284185,-0.5266849964016534,0.13004779097445385,0.527637528718508,0.20285236312106958,-0.07493703519193745,-0.19994301657389066,1130
159,0.3301329946014046,0.43098363289127256,-1.2899956051175683,-0.9320736518406676,0.634156168723078,-0.34508124663903517,-0.8967765180338535,0.2708126788350582,-0.24633389254777133,0.5370127436184204,-0.11280544772351647,-0.4064704669672092,-0.06609523358463534,-0.030991961605715688,0.3231001962402627,1650
160,-1.0330516133176317,2.8421275159138855,0.13138240698633424,-0.5001744237216749,-0.4159941928504891,-0.5422742958616904,-0.301811699643349,0.5434651013967599,0.9965639735897581,-0.1636756690383454,0.39331211538912825,0.12723430133429658,0.1943158974977928,0.2459136106948779,-0.23421873529114295,470
161,-1.6639810396988677,1.0408104822912385,-0.8537639668323339,0.8424997993080512,0.16104525940155587,-0.10145610000494507,0.6159592329962004,-0.5013457681621349,-1.8783576945616154,1.3401599687765058,0.994026283297794,-0.8154980945971815,-0.3934721910082077,0.2733818848891539,-0.036647998830242286,2990
162,-3.294007071574265,3.513031211711371,0.21597419745739094,1.190100219811936,-1.6908054720427521,1.8725637548747365,0.7995362852603434,0.17777203965034769,-0.4133592653365087,0.7474621826692281,0.10263154812155964,-0.27459302267244556,0.04157065361777892,-0.2591091049428745,0.15241267783171217,1030
163,-1.9494760192176082,3.386467053225005,0.4930409800052177,1.488560079823602,-0.24933580027789784,1.4532885379131821,0.42870642473329695,0.02816383395144011,-0.5062164498984015,-0.15704058909497706,-0.1829955811431428,-0.4582015157441937,0.28052652106632303,0.0201100469841562,0.016138424734406208,980
164,-2.585165297695362,1.088897080036381,-0.62350931494083,0.6837091958183374,-0.6495968951712344,1.4296597905596196,-0.08299529222884455,0.46384466904295774,-0.8106287067267223,0.28546654473733074,-0.5727617782528034,-0.47790435666992515,-0.03994004865131558,0.02390412768515238,-0.21284059538965153,970
165,-1.2653987635245627,2.1565229976553684,0.5761670436123599,-0.11026779423957418,0.05740675416561251,-0.24764534771590774,-0.1376607144911351,0.6534844050425288,0.4810351128669811,-0.31009667281484615,-0.05539859355355253,0.21503515938207884,0.05092125405224439,0.19415090949068145,-0.7915362844620106,460
166,0.38821261112250105,0.6013663385967047,-0.5674065478796851,-0.4902067198524065,0.693043780950144,-1.194639056640149,-0.7009260084744888,0.3901045293949284,0.6135563503122468,-0.18943080197487525,-0.45336567004618555,0.00626485544509825,0.16164563720921002,0.06118789043434942,0.05702869267538099,780
167,1.0648090439698292,0.8386394512754135,-0.334627548831426,-0.49848675057383257,0.3317619570157965,-0.021775663145366646,-1.0623945219851303,0.4087401095191553,0.04549399102085186,-0.2183574032128953,-1.3049439461390304,0.14441164166173998,0.40875833996601224,-0.046985131790304384,0.21667398950684078,770
168,4.227450565867722,-3.3204339707899297,-0.2693895447253727,-4.2720355704893755,0.18036260073430882,2.500144783907985,4.378597758499347,0.774861313046035,0.5384219057841582,-2.4044036976452405,-0.5702336228397387,0.6074404004940691,0.3015667113788265,-0.22414183951178296,0.2424603063121678,760
169,8.110335713282913,-4.817864168637915,2.921184858812227,1.488989558646418,-3.122497787155358,1.3706682681920825,0.412646748900056,2.439637983558421,1.647655158263082,-0.08876861948484474,0.7540517968861089,-1.735319294128353,-0.5266197161917051,0.2834244761769964,0.1832040637218161,850
170,6.843069307638263,-0.5662824181065912,0.8989478406067759,-2.5209691262634677,-0.6078598603058465,1.0442347460250698,-1.559874465934595,-0.22209070637563186,0.2642166569109423,-0.24510711363565782,-0.4510612891666165,-0.49956537132799744,0.10189995466649804,0.05696914538306087,-0.018804687676691405,1920
171,0.6522137309130276,-1.3722889640890688,1.1204307900060164,0.4657030210996676,2.2184692868857763,0.2306311388231426,0.08390084376567253,-0.49642567679410227,-0.3352636370146126,0.4304353394295443,-0.05719059957668367,0.6009558055660865,-0.5846740637670755,0.10278044868439033,0.1932019671557803,1900
172,-1.5767209871428307,1.467098745727558,-0.5688143273661147,-0.03256443976620806,0.06753778846046855,0.1773942234475421,0.0913858074228554,-0.08403329043132361,-0.00883379175082255,1.551033576408835,-0.7222622607234096,-0.6649788962046728,-0.12835590183960793,-0.13813041230683545,-0.11031386388098413,1620
173,2.197428318549723,-1.9652901327428571,-0.745847738576403,0.2079006269204584,-1.1353116115008353,0.37531469665968076,-0.3235424145056443,-1.3812297811583882,0.3240801747535297,0.18675912318679494,-0.0947726308811847,0.4762350329401854,0.004751584110936557,-0.05178239711514443,0.14859160681747693,1600
174,3.6790632470982945,-0.526948557222759,-0.544863100453538,-2.3966296777625007,-0.25485063708310235,0.5120469606474601,0.10530564410882859,-1.1134309156291247,0.5747476871440841,-0.3167185319333132,-0.44883525110663197,0.36277129940558656,0.15945697554582441,-0.031481372129117106,-0.24600582611924174,1590
175,0.9079428058314597,3.024765808294456,-0.44150061716592937,-0.8119820147645942,0.3522730478811429,-0.7186561384771561,-0.28275789290854747,0.4905216949701892,-0.40835796096277194,-0.2502726725508237,0.49891717672644276,-0.4168094053042012,0.03668428318707031,-0.04717357033028292,0.1968249891225315,1640
176,-2.4310349540293235,2.863762387058497,-0.7723146074750544,0.8503410431537142,-1.283946135931623,1.9953812098534787,0.2564756445290038,0.49896318108974624,-0.43328894041776367,0.5441040282946924,-0.10622989436905607,-0.4722214980567572,0.471838116665274,-0.12002566910783521,0.2596603971639709,990
177,-2.529476316802823,2.312576325051616,-0.21875704501968868,0.3040684021339787,-1.2068047867666767,0.6007340874159385,0.13359369672644983,0.6356322212497438,0.2847834361383239,0.4391068030798902,-0.2757232742445084,-0.06803992225745722,0.2018802102624927,0.16600508981331658,-0.07006780694229062,520
178,-1.4244974480602564,-2.3758425829443293,0.07019045704101833,3.5565138485285077,0.9665021647181602,-1.8152965254020081,0.5837675700770577,-0.3756532857137415,0.6860985974804161,0.08456235995268585,-0.2021117612238954,0.9108010959503655,-0.10063309189842339,0.004640885766128232,0.5480888951003837,630
179,-1.4492444171944892,-2.5924974826787324,-0.6862398369068591,3.2376855294626625,-0.1787054813913649,-1.766934130720883,0.43362395575232093,-0.9688710069858069,0.8739839214922756,0.020791448714413744,-0.208240270536909,0.8547648859575808,-0.1372420423293467,-0.034166056091497025,0.45735105449374636,570
180,1.3186422439444063,1.2261968967105008,-0.0540172604709155,1.0678983492191154,-1.2679779020225477,0.10748446137852272,-0.6510968189326183,-0.941964599878726,-0.2006720767019867,-0.7332000745115318,0.4120799030676448,0.5919462161998205,0.18709765869849226,-0.09061781257765311,0.11790944665262197,1190
181,-1.2629267610514014,-0.7977476258060037,-0.25808980567681156,1.162068236265001,1.9900437293498345,0.2783773627357706,-0.32634984690348534,0.9045979633321041,0.05753117748120374,-0.132926020164543,-0.9033617713326223,-0.11460135989198965,-0.014300474713190221,-0.15888842593727037,0.6342645061131529,580
182,-2.535521815572748,-0.8490569543443918,-1.5905219861912865,0.7972336470961416,-0.014628904739896819,0.74445369660941,-0.22150408281640896,0.9557490208116749,-0.3299604327633515,-0.43551749846478766,-0.2950271317812443,-0.3597745693559877,0.24730642649934825,0.163619235611177,-0.2978681489915766,440
183,-2.0325512031178317,2.8114728154340334,-0.0846441506582763,0.5260748127841084,-1.015610416084588,0.7438686509695365,0.41114419513169015,0.2904868268820033,0.17738553360715864,0.07310388920665915,-0.8898457082372396,-0.49052603217563856,0.49974247800257526,0.32650905166197464,0.5792459563928279,500
184,0.2387550973009921,1.4647386328180467,-1.0142901443842625,-0.8064213488495137,0.23278633347876643,0.6621511198746255,-0.18832126368167168,0.3802077205041642,-0.6974956500767098,0.2825840168327115,-0.6106205478929523,-0.7297699972490362,0.17682651132338575,-0.02729395914628626,0.579249823964638,1660
185,0.21047207794500775,1.7215946736243677,0.8737262646101003,0.14332077248658834,1.4944498312011139,-0.8229173525303134,2.7725058149564292,-0.132768766290688,-0.10772721852427136,-0.2553258556798397,-0.10578283508513904,-0.16740923305325914,0.025322471378029603,0.12327773513231972,-0.22925456870094085,1630
186,3.1431794983695758,0.7524902014365237,0.5034371159105838,1.1553096939061125,-2.0360514572114274,-0.5254074576680023,-0.7416154753195231,-2.116774513036034,0.689573819690132,-0.5454834289626073,1.1672143466374325,0.034262338756470404,-0.3130908977879115,0.1952350859566441,0.1955951224701662,1700
187,1.1308066584324694,0.4423236325490253,-0.55325977976597,0.7763542583763957,-0.6844111950772648,0.5251745793866132,-0.5223795574746011,-0.9221740701294946,-0.6671072443390361,0.04621209175481408,-0.3344435413159019,0.2106462426839744,0.23683879960494872,-0.10610957047374187,0.47384794551118076,1680
188,-0.16066081158627057,0.4230145963665577,-1.468262873642409,-0.7003353833787095,0.6435780778694836,-0.9921205406640765,-0.5748172031277381,0.3714389704429495,-0.05442820306255278,0.4861472772492882,0.47423688944919773,-0.43235637284583156,-0.17744536478252868,0.02691086016849281,0.07129082370270964,1670
189,-0.13642009510871683,-0.5501158095386508,-1.7574612084749148,-0.7910409185150689,0.15182230955478213,-0.4805452273648268,-0.6630610371739606,-0.36547215773680175,0.24764716503314477,0.7524302049366282,0.1989278047862142,-0.09403438188600834,-0.19429515891070334,-0.01743714134562219,0.19492714777490813,1690
190,4.263491020792601,-2.1085940497514777,0.7589801409448724,1.5291783915045603,-2.5701260751560273,0.9755146535406554,-0.5165397464215779,-0.8215008830484389,0.46167941503103505,0.7419401387242528,0.1622049724473579,-0.6207823163355962,-0.1358277288520003,0.20666180441266757,-0.19511606934186923,1810
191,1.6477889607593328,2.888821117907108,-0.185626673358024,-2.3432403168274685,0.6275171022643272,-1.2073658243303957,-0.6168494012983866,0.7813977543987509,1.151021798657902,-0.8085310490572151,-0.3525814621164906,-0.3843960719464035,0.02285025895534652,0.040989208554222084,0.013661454557104259,690
192,1.7139589562097282,3.1029900637067493,0.25864773467035385,-0.6226219980306347,-0.06677316617977078,-0.4370037193887545,-1.0309405593399144,0.4068296884798164,-0.02067724892017627,-1.3413185943226846,-0.3877446300530011,-0.04810593640779015,0.2025793570867905,-0.08430459974246618,0.6224386997739102,750
193,0.9550245612484198,2.555777453604958,0.1263161608278577,0.4271848049980522,0.11386440230712482,-0.982185443363638,-0.3994173901346898,0.23449090134400033,0.19338150996060294,-0.8813274329486995,-0.5461866909523462,0.04172874361903372,0.2948773209711357,-0.11014498456953502,0.27217721836387926,740
194,1.5906132153946584,2.8198496195849545,0.35265534611871135,-0.10076515486715067,0.6025059601484017,-2.041671084186641,-0.8962244858664564,0.16002727089755267,0.7976324432661305,-0.7515286248245877,-0.37436362798812534,0.13457926548817273,0.21676323800197597,-0.061895976164964936,-0.25432024515540314,720
195,0.1675559935557669,0.40523261265650135,-1.0040238285738063,0.3963537882077951,-1.0580706816280967,0.6150611254265449,-0.6057668384108444,-0.2579216923189941,0.09872672249770424,-1.4275681629789228,1.0770209866045704,0.7915861987387666,0.06611654622999123,-0.15325586118645732,0.014008256982748817,710
196,4.67432484870869,-0.015750348888775,-0.2573561150663332,-3.8655447395229214,0.8821267238336429,0.9672204067443877,-0.07080442150899713,0.5158346441490425,-0.20425689859535237,-0.890671658435357,-0.4058137647431047,0.17450405060892726,0.2537575305612737,-0.21698691079706295,0.05468666191569136,1710
197,3.29677894005382,0.169571931083669,-0.052657771775139604,-1.9448038415651998,0.36826361463179036,0.2893048813833515,0.4156842027327409,-0.8664763766595239,0.3786093439450633,-0.0899565740514335,-0.8764212755175359,0.15486510556846872,0.26498856225161993,-0.05178519389169806,-0.3995004323070479,1720
198,2.7333079870741965,-2.136595186860781,0.6372077630811824,2.260149784262116,-2.103810748344756,1.4267071236554407,-0.5371688873918397,0.07537474601281263,0.3381198538065506,-0.3495884301143663,0.18207031957524583,0.36413641490610427,0.1162904397554345,-0.08318565784878951,-0.010551039734361112,810
199,5.276299130469688,-2.7350148672189762,-0.14479665961118982,-2.1708545452242096,-0.03176988828579334,1.5156974225693547,-0.15060332672738228,0.03690747117566412,-0.5863338017297454,0.2653864975140186,0.4338309461095388,0.23112195404781338,-0.1430430224889154,-0.17169889555306203,0.2962309981806629,2510
200,5.726453969057227,-1.2591032538037157,1.3713346142429788,-0.5114679876842646,0.09656644919449177,-0.7754050316678387,3.6961532465282803,-0.14122421074267247,-0.5967276539470034,0.3956875618272699,-0.31221571718703484,0.12858608802155597,0.3506731719089591,-0.07611813307315682,-0.7258796697145672,2760
201,2.7587639979704908,-3.543920600997329,-0.7102609614983462,-0.04727174854890594,-1.4722144809837403,0.5522613411886829,2.3626607862955695,-1.5085847201442295,0.3655995413774321,0.04350459862125586,0.5533496966102323,0.18236585689274346,-0.12206783779913077,0.07339251596014176,0.23956513093340912,1950
202,6.317012361575857,-0.15334298675188573,1.863419375552364,0.40973820315907095,-1.1791288079743198,0.1491596337487242,-0.5730528227069014,-0.40672299406603474,-0.08701861421566016,0.5521549411278173,-0.36997466918892546,-0.7081807109902029,0.11357724820539641,0.13388837398186554,-0.12448148625453283,2240
203,3.27251364146544,-2.2236951432220353,0.01933400970903864,0.24978432147640606,-0.626073416850645,-0.6408375055980047,2.6263843171150034,-0.5182641997937636,-0.10195953328976036,0.05857299751800244,-0.16214647927845208,0.33648791259700006,0.18013862714139697,-0.06895806089825766,-0.049617998792212924,1960
204,1.9590095561485035,0.6638642489158929,-0.2676282784524132,0.6986765740492082,-0.4591051263028644,-1.2278525950593653,-0.25493574003443625,-0.8712309583568739,-0.371773658293374,0.00223317949094461,0.7418114248110113,0.5140938405359565,0.05072006154822992,-0.07682991997815777,-0.2570512852117168,1970
205,2.497977454055324,-0.7358693623893147,0.41781256400445255,1.3667765992937864,-1.110606985987892,0.08184206169650697,2.352538009484765,-1.8972081717094835,-0.15270768365449588,0.7700845032433727,-0.7425084279730781,-0.03814712105085893,0.30726137254111974,0.0948093788589348,-0.2270903463467975,2230
206,-0.5146589783802277,-1.525016111170599,0.05377780666383662,2.476126072780681,0.6070383257630061,-0.8341655269901206,1.6125381602130962,0.9231077493966733,-1.3845240282570754,-0.40324409676301826,0.2861355702289847,0.991434620307061,0.22714863866279122,-0.11065240765431464,-0.19656294456826712,1370
207,-0.41901104447627907,0.1840173496446397,-0.021501585578035193,-0.2770123072020564,0.7713388673454576,-0.01897905517082631,-0.3921170702147922,-0.27751276116789564,1.0953256227580113,-0.4908953120706648,0.31022730674395527,0.337824687945666,-0.24663223119155242,-0.020061182998243464,0.0048732025981767894,660
208,0.1818974112537571,2.151071355121178,0.2533108879725829,-0.8920381987252227,-0.20857151632549234,-0.8987355993534454,-0.5279163817853594,0.040816671663790556,0.1625847292704744,-0.19782904211638688,-0.3606143082892507,-0.10281354275251316,0.3920110362540081,0.7359642045546907,0.20037432935147043,1110
209,-0.7600478566329973,-0.7169795746175507,-1.0554115096477001,-1.1761911834989258,0.672191020599975,-1.0171820527222661,2.3435967784345295,0.3677817314775979,0.5345484199259931,0.31878517740452916,-0.5207375915243354,-0.5198708711694415,-0.014850984579369451,0.30580891848258956,0.04562877338269052,1290
210,-1.1911931138861935,1.3703315495174335,-0.9056736762901918,-0.5198486608443236,-0.11637011758289345,-0.2772168904556693,-0.05353837749377233,0.3682876559024107,0.1410090352023315,0.7971420173981125,0.1578167298650547,-0.40618873611531553,0.07190075023135266,0.2719941875269008,0.15739953470427925,1400
211,-1.542058690000967,-0.016620849921141625,-1.06763523062845,-0.4637444928267475,-0.032604916141694175,0.07188466665418079,-0.25488983649945157,0.5080205795677154,-0.31870000985714425,0.2101480281042146,0.10256944562391895,-0.3455387053994332,-0.04558237661377893,0.4068920991771539,0.16484173497012738,1220
212,-0.5956830786026178,0.19865112496604698,-1.0734880193678733,-0.41280069248193413,0.22404195712686464,-1.745113634207,2.1387822623950905,-0.03135135339830959,0.8524293521621709,0.40281926018212016,-0.3153264646851497,-0.24017219270791068,-0.03937916809326674,0.009633494217373254,-0.47833138411694537,1210
213,0.1566431266215354,1.1403684155380345,-0.05554387338939285,-0.2363458294014449,1.3483172552730875,-0.6485458802120584,-0.3601220529037401,0.13350494564017595,0.09550469742512592,-0.18128320593914513,0.3828967385624776,-0.208942202438305,-0.24072777754855398,0.07181001349784424,0.0722130099352881,1460
214,-1.3896641860655572,0.19734265191580014,-0.29340328632297735,0.1819420954326802,0.9689659624353077,-0.293155518550615,-0.14305530540920355,0.43696833422154036,-0.33122213991712,0.39471344578534545,0.24218725808601207,-0.14456472059427197,-0.16530912256387612,0.2314685181650132,-0.3504217338410653,1380
215,0.8991285094183787,3.042643478800241,1.792576968152662,-0.256891089559223,1.5914420665999305,-0.9850664146427582,-0.7671244203578664,-0.682801397145132,0.4794661586107613,-0.36952131741126937,0.6061830367243967,0.09686721106551004,-0.33191561245377793,0.4578470661171731,-1.3987199374185144e-05,1470
216,2.619398592239629,1.3670614461830195,0.3025659396365823,-0.08184340002055777,-0.05602676610311026,-0.77183958124734,-0.8926737423107264,-0.4560817048022077,-0.12127934413655775,-0.40639239919081077,-0.04255751551260208,0.3560454592774586,0.11669881284720816,-0.06339347649642123,-0.01428179060337103,1570
217,1.533358197422033,3.8460783837066086,0.5244468122287561,-0.8992328799236938,1.1071677101563684,-1.5586802432434397,-0.7387297482742676,0.18593765579137,0.1738631210969923,-0.08091171241345735,-0.0610467640282871,-0.4294253625773369,0.03932369295275201,0.08171118941468765,-0.17959582952031022,1560
218,-1.0075273155045696,0.033880351234011404,-1.5662291607866956,-0.09263662676519996,-0.047693032876687545,0.2297630455411637,-0.6179637720668043,0.28189863181380165,-0.172322815875251,0.5078345938755889,-0.41713807317694646,-0.34355894949036114,0.12928519936335395,0.03944675912886474,0.27021724406704184,1200
219,-0.9454571053739493,0.29699471576633224,-1.1918207005121417,0.09500978474688336,-0.010743428700561587,-0.6808670683987956,2.154219668708862,-0.0782170209727244,0.2648642739166202,0.44157974266136485,-0.6821904836788586,-0.490914028176561,0.1919580528698134,0.06062168099909178,-0.016241100796190927,1330
220,-2.3126206524291515,0.9570995801039531,-1.4617877779461064,0.6647878716803313,-0.7080015645543308,0.13910671483014117,1.9531931251496333,0.22572057498598314,0.024719504733876504,0.5468354643769994,0.3560126275702112,-0.49116456638359757,0.1369569527775827,0.03715920773190515,-0.18795117128323624,1320
221,-0.8506261873624322,0.7597852113045331,-0.8481830745786823,-1.027914091995898,0.002761021302108396,-0.3905371549352559,-0.2537354525933528,0.6257658099384364,-0.049640524692540766,0.13330877464710003,0.3867014877903179,-0.20235379663551112,0.060641905505996824,0.4818798679663766,0.06041652400936333,1230
222,-3.2549145139789237,-0.4653313084777242,-1.3570505397985178,0.8734988424581425,-0.669990036245522,0.5170027529344305,-0.2976208470990851,0.8496378753969533,-0.19848846320021526,-0.4631142453008957,0.07538207452068041,-0.24780687441263613,0.2683639074547569,0.47680936455467016,-0.5674759754665178,320
