,pc1,pc2,pc3,pc4,pc5,pc6,pc7,pc8,pc9,pc10,pc11,pc12,pc13,pc14,pc15,Net_Passengers
0,0.4488468270185069,0.23787544987180556,-1.1275404333716013,-1.3138267673048587,-1.0928698262646168,-0.9376190017410356,0.3759856560696905,0.42629344272096303,0.20695586373896346,0.13539706391977455,0.1035226809521753,-0.14372868933903532,0.35315656249199745,-0.46868056466808794,-0.042574194724592875,0
1,-0.18742858086676562,-0.2865126576102858,-0.9245370284094271,-1.5293613763754645,-0.5405071845601166,-0.37210220708680697,0.27654244597294986,0.17678623823435644,0.88467988580453,-0.014645859083937438,0.08172578112270824,-0.22892619844451875,-0.04949074164625629,-0.336520458992476,0.12295058390067007,3
2,1.5451148572727316,1.7907045506393184,-1.7423045420071617,-0.8800035439256779,-0.1558094812741182,-1.0551503391389754,0.3641725130137464,0.10995449072704963,0.8805288370641655,-0.01692948524742206,0.04932091074823762,-0.30955132242104144,-0.26561628700000367,-0.6150660786631215,0.4245287267707125,4
3,-0.9181214575160672,0.02148438780569208,-0.5401430589087448,-3.3205906441771016,0.8646061753575984,0.028806317175950693,-1.259075992184318,0.3398240995935293,-0.5139119376982243,0.12197971076091556,-0.04964090822441099,-0.02625048343106294,-0.25328568009230834,0.4950863511646897,0.179376584236659,2
4,1.4767976660818372,2.5456305137336046,-2.34168836912546,-1.780987376092261,-0.2825767091323629,-1.835406360141902,1.1736105514866122,0.5245707303778842,-0.4169392160681528,0.1336493453442046,-0.2324555449008664,0.022570413515810118,0.30293272270827865,0.47874258236782785,-0.4645404328300679,5
5,3.2194183430484395,1.8926945527632897,-0.29390558536140954,-0.0004955917392669315,-0.36434337162780767,0.8210875845517396,0.11317451304482423,0.8761183080081336,-0.01383965974496995,0.035817328141332115,-0.0008308658274288881,-0.16151526675654865,0.1790137731181822,-0.6609949934616947,0.6693616767203828,0
6,-0.2711262594719315,1.2305932330136666,-1.3319354434916117,-3.385310536617359,0.8970249867595773,-0.47586496008266693,-0.8069942688164329,0.713004184745045,-0.6123074275098114,-0.11288199970067826,-0.2043432387954787,0.31845848568583357,-0.07159523271445258,1.191645984034322,-0.5549033472090392,7
7,-0.5355401053684752,1.9150590612006586,-3.429861806045334,-1.388548780225808,-0.055189263247423674,0.10660993107935895,-0.3292740183077588,-0.04964215442313942,3.151381461610328,-0.3444455800451858,-0.006131137695729331,-0.07060263286840297,-0.7207139567241099,0.4551664669991234,-0.06834833431717492,8
8,-0.09594410125733449,-1.033222574662192,0.7114341540574549,-1.4250655617438148,-0.5345615465152297,0.0021105658314434484,0.14372293045317847,0.49419522669416194,0.23454609971299953,-0.2101744317285754,0.1436816218474195,0.06050673278269983,0.37337752920492845,-0.26392470543440344,0.04690918492694634,25
9,0.15019564202328234,1.994797457516162,-2.991948878688472,-1.5394043514473001,-0.8887012828667555,-1.2071334853942843,0.42944122992235106,0.5660735013530994,1.5087711138062032,-0.3109419454550319,-0.09944474151580886,-0.1812640365413064,-0.06299256737538624,0.5061439736474997,-0.30738754870671925,32
10,-1.8227441301553358,-0.16314947740588231,-1.4776212520274081,0.23474698620971773,-0.1897164171520053,-0.10081739494322625,-0.08901088293856073,0.30058400198389035,0.6716168402338385,0.08999090527703162,-0.27991850432977694,0.27335863091763785,-0.27523554687671975,-0.002012443040303783,0.20624901906489282,25
11,-2.3403153092853737,-1.1999563674142517,-0.934310867153602,1.29263664622343,0.607270049333246,-0.6099453279639888,0.29279119123912806,0.9369488873166018,0.35304287898381403,-0.13172604050678646,-0.315276397548134,-0.07755812479073541,0.16927949277742058,-0.25289532996419284,0.1194048169519699,56
12,-0.20923374715086918,-0.30720766270546745,0.16357679794293997,0.371853088216074,-0.5198930316493408,-0.22854453377762246,-0.34493768528751706,-0.22015265076889498,-0.4685093408235656,-0.030415339352600976,0.21853191801374405,0.559676110034438,0.30242349847370925,-0.029141139467217827,-0.27105711411415295,46
13,-1.1698057703591904,1.6558573316383571,-0.43584869578892366,-1.3041983513964466,-0.8729909976494427,-0.5682504788600587,0.7667852867113174,0.11210398357293364,-0.07738533987099884,-0.004995251222459603,0.011430543777479284,1.1397910409152323,0.07979255952736507,0.3375067071273344,-0.6387594921120978,69
14,1.4479678712106543,-0.8322888616456112,0.9110674817472444,-0.2668791647948111,-0.8653498623338121,-0.15526399485262343,0.5038024968773465,0.030530118049887908,-0.7464642658488345,0.15833542815203522,0.16509632780872616,0.11256636448429529,0.48686870443770036,-0.3816539004286071,-0.12271871825424349,0
15,1.3184988000859783,-0.36032565874340766,0.4519066114502449,-0.8971055187580969,-0.802338938309719,-0.33456909981522626,0.9744067726074395,0.11197110458531,-0.7462014323299492,0.16410947552817895,0.2010667266094213,-0.09321801459609413,0.42315039219336414,-1.0182671620914048,0.12156940736780375,9
16,0.2852448033575742,-0.9386570520990082,-0.37563640293719425,0.23566183095973925,-0.7627311730645369,0.2434684434287226,-0.4382578583691952,-0.08246668838627157,0.8168888357220928,0.009635663481791438,0.3034967203265037,-0.0022223669859404117,0.35618511806009895,-0.1737347526667595,0.050201843961925396,0
17,-0.07897571997328841,-0.21668014814308786,-0.8773777588993931,1.7061649259778129,-0.24354503273911893,-0.20802852606908284,-0.8389731876651316,-0.496314994347721,0.7664343701794397,-0.2499897474208876,0.1577305942294183,-0.19890665587358414,-0.6942794487593351,-0.1833280460113188,0.024800901973914217,60
18,0.011192291242565414,-0.9655413985045912,0.01379122606956782,-0.7501165691066513,-0.2747876088566118,0.22914824256777627,-0.412653021098238,0.19950496623983763,1.0770739329666645,-0.18661040241648488,0.2635910953234804,-0.09136288900387954,0.21094960222965717,-0.2530342930924768,-0.0510965541977184,9
19,1.5864148316459656,-0.7117459895045537,0.7802636649769568,0.4911594106548663,-0.40462283119695475,-0.2159901952460878,-0.2366622603741038,-0.37017429410678077,0.38397561977578853,-0.036626454626283646,0.007725182464486661,-0.10688687329807965,-0.705350173773829,-0.2509786365406646,-0.20105641816452946,0
20,6.214355614721824,2.5972783525863803,1.8671647002049998,2.1621933988488973,-0.4004700352588632,2.073311050222312,-0.8150799839144824,1.4791977531117413,0.5328350614277207,-0.10056468018582754,0.2058217784666503,0.07971946053089742,1.7180612687259507,0.449813139981534,1.0083996063472846,0
21,3.091502078140849,0.8891218327523436,0.5046445123126496,0.7677383882582656,-0.140468328218683,-0.7471764964886211,0.23506776293935727,-0.3609143163095826,0.6782011850516615,0.009049196862826686,0.13587969317205123,-0.13026657201384176,0.26720478861915226,0.19202214633590273,0.40005051416058995,0
22,1.6843232634546026,0.0596725374103475,0.6788590818496594,-0.36276327523037327,0.1797356200238862,-1.2312891354382312,0.03321340474990795,-0.16751290056916252,-0.3729369946054559,0.04571367056369774,0.020806900372401432,-0.11206476724119302,0.2568521391874209,0.02367297933131978,0.33625528318359266,10
23,1.5375199786264342,-0.39525711189183244,0.16241827601338954,0.7647345986227195,-0.5124068600891674,0.4069812762602734,-0.12033908973441416,-0.6445416490033092,-0.41277246107481996,0.2621294492464731,0.3582732277456508,0.1501090996563875,0.5683797051944742,-0.22290179564594279,0.0737866419431505,0
24,0.8373222151529908,-0.8565485459069877,0.7274924760967868,0.8198822393688373,0.7731303355094495,-1.2967839148513207,-0.5717308928294975,0.03372396008277262,-0.440291824335253,-0.13146617274347228,-0.6460397983706162,-0.0944840159618292,-0.45993897570135145,0.6877709068700145,0.36695325294402414,10
25,1.0362541085526105,1.7730095550118339,-0.4731581815537733,1.50383152541101,-0.2581810485372966,-1.6926789364372268,0.17034645811279342,-0.6891658712552629,0.0612690249385055,-1.4110379323097362,-0.2933082710820944,-0.8839686578246427,-0.547781889664029,0.7820004215916277,0.3154908713659046,231
26,1.7402106954544099,-1.0433327165818393,1.5344183358611323,0.6168122952956936,0.40519879163881295,-0.9199918347770089,0.5124243582610003,-0.6906202661115468,-0.3711240635537436,0.14264752771999387,0.09261869737070894,-0.12737599486562542,-0.5488748739225346,-0.3726132972959559,-0.3761705928497528,0
27,0.8138757735537481,-1.3611044301940525,1.2037623072133312,-0.5220353638754681,-0.22651505864622054,-0.18968424145397209,0.43584692247656714,-0.018931292711663186,-0.4806590340709256,0.06621424084695866,0.05408910600536842,0.05164227933056191,0.02309839532893802,-0.16960037234327552,-0.26907286619873977,0
28,2.2758983588510513,-0.4994082224578521,1.505082789678762,0.49403445666405443,-0.15521343005667948,-0.6920544319566156,-0.284609795246965,-0.36094865150590616,-0.14726725302590482,0.04349980379645033,0.07126241120481018,0.008418280172339306,0.03062133648451664,0.1694490950504901,-0.05796858515119156,0
29,1.0352709590704912,-0.8090757949984676,0.6537177533794972,-0.28432225186092547,-0.45919469454495093,0.14519284627055698,-0.2715785298574138,0.10026459770435056,1.2363732686880509,-0.11742794391239061,0.45372757817712167,-0.016822586073266598,0.7742641356582867,-0.18290458459798778,-0.002711699387144848,0
30,0.59847974259641,-0.610579645988098,0.2203154153075766,-0.5432024058546678,0.4138596749206352,-0.4055756902812854,0.8788711705674318,-0.2418051855921441,0.037811305694229656,0.11113798109536213,-0.09600372716725114,-0.19966063564388192,-0.20567586265382767,-0.12888340645923274,0.32648670863509444,0
31,1.5034023281220588,-0.3526613188125273,0.5631667361754062,-0.31270001939190467,-0.3356145771929753,-1.5520471096823303,0.9879103631043288,-0.06769552041345252,0.20360453317763041,-0.03242881950393268,-0.13530466802380475,-0.14702317513912308,-0.1892808092203801,0.32665489925371255,0.24089047413959386,0
32,3.1194980521906808,1.4697743124890013,1.228147670509457,-0.6109427886336765,1.7185886164838362,3.593992495251666,0.03715047300018596,0.7637466140946185,0.13281938100747162,-0.03538832045704292,0.05713531399145129,0.04398336376815461,-0.12809259184320232,-0.4017143329960833,-0.5864781873743259,0
33,1.6423304842913644,1.6943580264812235,-0.9276731595891728,-2.0517720117549536,0.3361303814466411,-1.3997016532169462,0.6043627754390188,0.2535434542412016,-0.5000446240067994,0.14794585225130508,0.0160744414402848,-0.16578205835742738,0.010659395425987943,-0.6314902536571578,0.1822906829169842,0
34,-1.6996011305732133,3.0556164402515402,-2.713979323320187,-0.1646545106782935,-2.026799102454395,0.7424451007372792,1.1496374532143068,-0.7887237317889786,-0.9384327883532051,0.958967754128707,-0.2566072519600917,0.07391177369950139,0.12100902632551537,0.7884581819898017,0.03162914877831949,116
35,2.1320161510988958,-0.3843282732952127,0.915722684955931,0.4910133348042317,-0.46695202274284575,-0.3787671503407204,0.5362174179456712,-0.4380649050605247,-0.6573346566289093,0.14461297094599074,-0.09039984088101911,-0.06549259502218305,-0.47587687114607335,-0.10050226436206215,0.3619220811791977,0
36,2.050817709240508,0.5602312439238325,0.9072871887177915,-0.5302345284402723,2.89720528950848,1.2178126062472467,0.21897611244256165,-1.7141744329057675,0.3506437604713545,0.21710502071189886,0.7346093715303401,-0.005839819449546743,0.25593265503036416,-0.9203529168474843,-0.6327552488135159,0
37,1.5249745894465825,-0.7768754196957856,0.8365646026163046,0.6970383596843878,-0.19625942229081603,-0.4923497490483619,-0.19444880535473985,-0.37972895667991896,-0.7022322302013986,0.14273591110148595,0.0067528495036810006,0.09139513548520768,0.1738671536722107,0.2492569760468921,0.2802699997079511,0
38,2.2201175913105184,0.15247172444384716,0.2706299238856347,1.297885771582123,0.21266062019459175,-1.3606506865879342,-0.6773811992679991,-0.9755196260764261,-0.5507320979884881,0.20596218860479745,-0.08161340421522192,-0.13774962947328867,-0.8379208216771001,-0.30052846510300346,-0.10282817341506315,0
39,1.6198860312560797,1.815641320586806,-1.4027909510142582,-1.6023201969116605,-0.21694164413751055,-1.7553191988582884,1.3853186306496652,0.32793592869921157,-0.49048046864302935,0.18597569742470824,-0.24202024680823356,-0.12813556404289256,0.23323443942019906,0.20171594113341026,0.026986753044700076,2
40,-0.40010198576549877,-0.46241018608560003,-0.12017676538887032,-2.237458112405332,-0.09811803996918735,-0.4531303856623584,0.09942466079873807,0.3435719967514807,0.272478795839061,0.09100024824457564,-0.008613414722938133,-0.22759859450563824,0.10168419666734119,0.03394530085582697,-0.08287585137379376,8
41,1.212144877578003,0.09408282376962926,1.0715318132043328,0.2139351694921072,-0.08772758460960454,-1.343524071806078,1.135008743622772,-0.5312284709371851,0.4092127046974375,-0.04087761966666514,-0.054131443969811316,0.21398581424430274,-0.24653550981963226,-0.5138907388470503,0.20682272350208084,24
42,1.833540037808753,-0.30546098088240464,0.6955104541017512,0.43653120727893086,0.06814329257346498,-0.5526681407629545,-0.5415256926454897,-0.5885434295155106,-0.26088170856579695,0.08865625002737351,0.09279544921361152,-0.04487077528949886,-0.3203109717066988,-0.35876125969875217,0.004363395193957259,0
43,1.5063073887580762,-0.2029290686161438,0.022920667307958387,1.324810809278316,0.5473972267654869,-0.5733970042143262,-0.5093436811002853,-0.8704881533912048,0.03579028906783918,0.12158758637412201,-0.12434028688858438,-0.13027678653785685,-0.565819426515648,-0.13391632274044452,0.08027216046657928,0
44,-1.1487831679360196,-0.5866196611685939,-0.13396369820371234,-0.5249725710263451,1.0279928847896813,-0.8047582383195486,0.09606793463077558,0.49400466069312454,-0.08326793551426266,-0.056993871907250325,-0.5532225915177406,-0.11648577562123373,-0.017402892454113646,0.015755307924869053,0.22827350966165408,33
45,-0.8146895465600675,-0.7716552772360742,-0.0813815324187323,-0.2721254932767382,1.2449115800693729,-0.5710406905234423,-0.10229757167017087,0.3621631997154772,-0.039684253535316585,-0.15649782283643884,-0.3597174905388461,-0.228706744539904,0.2501472064281713,-0.18923575879344937,0.26508693476875717,37
46,2.342391020709461,-0.8304506665819809,1.6217317199758068,1.1647191988658467,-0.2160584226755662,-0.6416060929459414,-0.2649412242355568,-0.7786908666626189,-0.0728223239686188,0.09150753070279226,0.22382282202967493,0.009715074875244981,-0.2612621721467972,0.08185094720846242,-0.30527523540537416,0
47,0.013663353997446061,-0.9455957127047246,0.5044695421329544,-1.1067845950056845,0.5671841932001294,-0.7941304803807188,1.2639629767789058,0.5104305586062876,-0.6279959938261461,0.4750110834477757,0.9932404043039893,-0.32781706901111823,-0.052726681177518706,-0.23931996125024135,-0.019363151847922318,0
48,0.14473393141399904,-0.7270290423691469,-0.05014626102275517,-0.4198954472282063,0.12072498471507315,-0.47951509255926444,-0.41766600060440773,0.09369278726320127,-0.6139560563549665,0.009140009918098331,-0.2256420839454178,-0.0368096707402891,-0.11693707694932935,-0.03377862083716004,0.3975516749214317,10
49,4.262187192535064,0.11325557873700527,2.6296047967786267,1.7696441787063855,-0.9236040974313585,1.5390244570701292,0.2978370511882345,0.9527691334016497,-0.0896061671840617,-0.14258056330579724,-0.5738072115443998,-0.04086756344667326,-0.8456167122468897,0.7670299790392595,0.060590334535213244,0
50,0.9978652838101749,-1.3874825975248148,1.0346073149822266,0.48835939203925594,-0.16583426781099286,-0.5061245637987357,0.5709968978102532,-0.5205465641045365,-0.706684706930948,0.20047550755713042,-0.034645312162769656,-0.016892055607786102,-0.4566489873162627,-0.11930735654951295,-0.34971085854176376,0
51,1.1291161287864986,-0.48552229810494557,0.7001042696789012,-0.7229678744779118,-0.03146293192406482,0.31125496168174765,-0.19435147077028994,0.25638905937039214,-0.3074910656814635,0.0011705960046136128,0.02244128576054466,0.061308158318570664,0.20606930545232038,0.07989818982083638,0.3026213771679638,0
52,-0.2940946631526494,-1.5391945513644179,0.38791605005762847,-0.36417407527724416,0.0021212962861580074,-0.355235363870893,0.1318359719640852,0.24133051157596816,0.8939046765887784,-0.13270351657734022,0.022462249275229253,-0.041072394782657715,0.47132070303075546,-0.06941663009761995,-0.03209131249701016,3
53,1.1065197039504382,-0.5684382829737348,0.2591060357546594,0.8677908167076948,0.2606644536626137,-0.7190660534034056,-1.0883123804942023,-0.3741630950580356,0.3150230860861227,-0.008998140005638755,-0.0005490998822478775,-0.03858295760502853,-0.17129980916080664,0.20405826531223084,0.019677455054896077,0
54,0.7749732588059246,-0.9433469248974834,0.550289839463994,-0.3524463368966307,-0.30982115274033306,-0.7608140826499329,0.000947489288508102,0.02167323078365282,-0.3554543148311044,0.09311644549125377,0.034603279013056626,-0.08912155918747615,-0.05530527903965109,-0.5055082855775156,0.00557956270534738,0
55,-1.5898092361854732,-0.41421861092020557,-0.8588012455169344,-0.5472431311955244,1.525277468337296,1.0144130681941854,-0.1259898910811174,-0.34615648315610137,0.2736825981508333,-0.07660483291766766,-0.05858342096920345,0.24682771503252343,-0.044242652654221934,0.1929340407463539,-0.07160981913017946,34
56,1.3129286238994098,-0.31704981298817125,0.263376869502927,-0.18611261250430114,-0.5415423095238049,-0.45013168602728304,-0.5024240314646696,0.006749094122318536,-0.24804139772000267,0.03132704354091975,0.15604356529143212,-0.02421416094988202,-0.07772597191989596,-0.5264231489206997,-0.02326839729549172,4
57,-1.886927380355142,-1.3219295822267856,-1.402314857114894,-0.05605762712936979,1.5213048444020802,1.4454347686241797,-0.24686772896087641,-0.20765298329255502,0.4719349894764573,0.12075899080111183,-0.05461150289268171,0.03309276001442398,0.13538360297084978,0.3537780703182075,-0.07997531562463789,0
58,-0.20211426426969753,-0.5646121168398784,-0.3354065664788832,-0.6780510082484863,1.7460986502626052,1.3801385314860795,-0.024367916191793616,-0.8972757685623571,0.6883868415875369,0.07703357407149454,0.2875935437238472,0.06996195326720166,0.36312833554199647,0.08447219842843665,-0.08586767341739861,0
59,0.8297479365062543,-0.7116765143856658,0.3425580701444792,-0.49302987983364216,-0.6131177692915575,0.30948608735680044,-0.26544893050829604,0.4651591706352747,0.09715549144158254,-0.052092047949489545,0.005977164427268739,-0.029738022338535834,-0.1659152509223127,-0.3512258100901019,-0.026894428724469184,0
60,0.1908203477181333,-0.4831612283928489,-0.6587899373156794,-0.2303505969962634,-0.32188269335845,-0.2931931100819445,-0.08424387572009613,-0.07561944195140713,0.04220635311431519,0.20549201364927594,0.12896479751048426,-0.09878182246449398,0.17193075879802783,-0.30637521709853455,-0.030838881051892537,0
61,2.307914787555538,-1.2744057787015612,2.3408102824880705,0.3166800103562727,-0.2929082605087223,-0.6100647830528783,1.8471272946976536,-0.6868935412913781,-0.11533591362723326,0.09176735994179769,0.012938939503711054,-0.05878756545789163,0.12966904176584904,0.20411192524770938,0.13997699073437928,0
62,0.4000389904081254,-0.8022939465798902,-0.1765246527028967,-0.2453964699640523,-0.9029991711778547,-0.6311702844236307,-0.47894150134267643,0.23245790591117388,0.3520186519216044,-0.04649160843170501,0.16962673813793963,-0.043049371178039995,0.265558317094943,-0.212226327925181,0.1542949876144006,5
63,7.909264375848488,10.484681683428686,-4.659017676469455,-0.5507595008685878,2.422905923704006,-1.1472944915224,-0.36191795836222806,0.7867171114819046,-0.40377269749884354,0.2288526302815267,0.21429105703833826,0.16186318297934538,1.368639954994606,0.15420427764015332,-0.7234040537828718,1
64,-0.003807531318529203,-1.368189929540457,-0.054851553822550025,0.9520365993428724,0.1917154136967498,-0.2687716609500329,-0.5836121048429234,-0.27928822480654436,-0.9470268102399543,0.2768572060101794,-0.01487603901247042,0.05807440463883747,-0.2230340414394951,-0.0921924940631141,-0.3590631006308334,0
65,1.011065482852046,-1.0120135575409257,0.35158408084567927,0.1051652263856004,-1.8129083159925643,1.6555578053528714,0.5357823842650637,0.7177513795922231,-1.6623143466350674,0.2804098197510156,-0.15122485935458832,0.2672986617340022,0.08966522204005374,-0.27264070346810126,-0.2633383063501719,0
66,3.2635192995466253,0.4777902977463138,1.054157371294732,1.279805933830077,-1.3067114444641745,2.3906601511517214,-0.19025075929143218,1.4150747238172703,-0.32386906536948973,-0.037087420624754903,-0.41210403738567236,0.0005946760848367234,-0.6645225741979016,-0.12809300195049286,-0.20587731038539747,0
67,2.0521582682931783,-0.10490716875105598,0.40694108230886206,1.389713660424986,-0.2209861156583163,-0.4151438820272341,-1.0354256421291677,-0.7531545102203187,0.07589504640853377,0.13556751537321984,0.21915167534278424,0.1208991596698777,0.3224756736640054,0.538398978143871,-0.03677171568482621,0
68,0.7782790978627486,-0.8863241534691392,0.5068747992272518,-0.37237077930224755,-0.6017996827149134,0.31424281042917773,-0.40641963430796385,0.4156331426211974,0.15556177924986764,-0.0639425082407367,0.037050447070504276,0.04634498527897608,0.10079216034719231,-0.06667026211735823,-0.0592702369971453,0
69,1.1206752011686079,-0.9977730737827452,0.8715151187905981,0.14338747538748953,-0.33766185604580573,-0.3417044287154053,-0.3244304898129076,-0.21738671315339642,0.9506637250584279,-0.10371992914335552,0.1926386843617917,-0.03291269468427769,0.20098337235125052,0.14364307522367584,-0.09801579861002784,0
70,1.3962649496267536,-0.26011251974006955,0.8417913122938723,-0.8580617713738041,-0.23034676453177666,0.15518642539478794,-0.6316392514399929,0.8916794696315585,-0.5987620447276433,-0.08792625624960909,-0.22096023069569565,0.003208145489130204,-0.34570583910597635,0.0280204392787593,0.2560639092227998,0
71,2.6201492663094696,-0.5506235431808585,1.681248970134288,1.056294062060205,-0.2690173342993262,-0.3779188610569402,-0.8159951315108779,-0.5313771361637197,0.46841032878096817,-0.04390751174998719,0.3148815431964571,0.04270491695132886,0.020550207817805186,0.1506344835198869,-0.2795984252728029,0
72,-0.6868268926902961,-0.9983003518032201,0.7977174008943917,0.9272215644799677,0.7698487242971006,-0.8759083655287027,-0.334729128063296,0.22719696855440533,0.10456808539398127,0.048178762363167864,-0.30347619173741014,0.6966882848786952,0.20240744172560227,0.016144064809811034,-0.04644647662249441,2
73,-1.2913375999304852,-1.021268411040727,-0.9007831520609757,-0.9843043302389658,-1.041923971189378,0.05303272114316015,0.28932532606972977,0.327455930054644,0.5297959569182262,-0.07185783588642466,0.10270856380181807,-0.07662063607299625,0.05394145855223735,-0.323500515688934,0.19014184917532642,28
74,0.9344261740349806,1.4641070073303823,-1.9522097530501725,-1.2979004680789077,-0.7127092347629712,-0.36036161907986025,0.47098445964661906,-0.015377885163819419,-0.42518860129752256,0.1462245271534785,0.15967234893648835,0.13809419196856001,0.3998055005531844,-0.10017848064396259,-0.46231966543437697,13
75,-0.08782688995751031,-1.4433074848636402,-0.11384702851254049,-0.16344319856033648,-1.2030034403947485,0.760473368696205,0.06106860949173487,-0.13080428293283192,-1.2869799989846005,0.32446033676881475,0.25125039029258356,0.3701843246157514,0.8069673584605672,-0.04381297764916034,0.005925668652329664,1
76,1.0190513956075284,-0.6626606829801521,1.7562204944600346,-2.4769166076339624,2.106734484840578,0.5808640817416286,4.2944725408404505,-1.9253449954650304,0.5508780972531441,0.10487844431331432,-0.3788174491297675,-0.24336054535070822,-1.144643333860228,1.0641518338408458,0.07563674191451486,0
77,0.49653015303932274,-1.1767570467664072,0.6544691867125103,0.3295260479357839,-0.1882400036813261,-0.27730490019271725,-0.6114591013255034,-0.11973108690634655,-0.39798436646734364,0.044632334716694096,0.20965891433776576,0.16884841244758197,0.5970016507405983,0.14814904923779512,-0.05757322304634952,12
78,-0.4622277240995908,-0.07659140841874815,-0.9520268159826459,-0.5581921754947863,-0.46700663846130525,-0.8103667261409047,0.39824778628718416,0.34443417958281436,-0.0666885535131264,0.07196633682816789,-0.3183464959908345,0.08161038248627954,0.23882820021683407,0.42702733301080387,-0.37175638467330746,20
79,0.7578708785890664,0.3174231313259623,0.16844554536125997,0.5742253445056795,0.5407796178484798,-1.0709320160643583,-0.8509151038900636,-0.2036012519386194,0.16325659761159975,-0.13946965237126208,-0.25036489636698384,0.2430416531379242,-0.3363814029386672,0.19408527027395212,0.20662258903708675,22
80,-0.34598959014983904,2.135287825277338,-0.31496588821144467,-1.6194178067266745,-0.8470669958268268,-1.6502015882580456,1.7280245748130951,0.27374251148051915,-0.9121112717127778,-0.32708027785258204,-0.24433305176938036,-0.1964596806746809,0.3045311126264489,0.24647060981510047,0.2580305041891611,154
81,1.6195464748343222,0.8295451830886961,0.05209589038875009,-0.4354039884601945,2.64736251160579,1.0653315854651357,-0.032482705514298826,-1.1205081153056897,0.3646603742730258,0.18565917288601905,0.5157942331850365,-0.1555507560584803,-0.20716869848290514,-1.051233896736328,-0.35623776588103684,0
82,-0.5117392721871205,-1.1226215453273831,-0.26381248212819036,-1.7388912794585807,-0.6837184122426156,0.02709373846216323,0.6404974532481325,0.09084754585580133,0.15319772818666258,0.08767779118860461,0.06197566904334265,-0.07742910773130339,0.11164297318501169,-0.2108565153856066,0.168422646710618,0
83,3.351503805730287,1.76917469266838,-0.2059689443747222,0.6357535367949538,0.32228944867642345,-1.5303418837346643,-0.3496462766931813,-0.7725051859179488,-0.35446106338597183,0.15613167280012882,0.20535789764691242,-0.16667599635896885,-0.14727058852323557,-0.5892375396734127,0.1103833055492627,7
84,0.3808042761739551,-1.1171420815559838,-0.03537559439146144,0.32520623363628687,-0.7775949548858575,-0.26138395455323815,0.07019370279248409,-0.19207474939684688,1.0568647401240308,-0.037120646331500494,0.2258200557382744,-0.09938622089010865,0.04696272658518214,-0.43458493235782314,-0.22399455534273607,3
85,0.6360576150161752,-1.0895893039107698,0.7761738648874749,-0.32794229982168366,-0.34888386422763557,-1.1244002148184777,0.15693468899597876,0.1196095428159348,-0.45171348806704614,0.17985613596117073,-0.0036322279553098985,-0.13664188491591509,0.20774991425573625,-0.2934497113917359,-0.0541131084677918,2
86,1.4685603473847915,-0.3651493026902468,0.7892127210100803,-0.25742879598724416,0.2720233111091602,0.5289753936481836,0.47850647077704705,-0.11666341684341912,0.25196809156822575,0.04526735339586685,0.17728504733348802,0.0029844657840653274,0.19877242123264688,-0.07150736503474271,-0.23168219233605122,0
87,-0.0397080127683842,-1.4459141220859464,0.6905915806637364,-0.6966261546507356,-0.19775576950874504,-0.27303977588291384,-0.16216211810270525,0.3276896789958298,0.17209427839658056,-0.19969904806195468,-0.013030234780927283,-0.05371712541068657,-0.0047564476746155574,-0.1591794953673543,-0.24518444177681448,17
88,0.4459653276459872,-0.14796114815174616,0.6848618959574152,0.857319303442797,-0.4410404085284971,-0.07885881801644497,-0.6784221924405102,-0.4605060927519834,-0.11063633382993823,-0.6834455945812098,0.41305805897974,-0.038746343043701434,0.2617185594110309,-0.4350207793213813,-0.317400351398007,125
89,10.954142177860607,8.571535055412772,-1.0319270745158986,4.0609367650894335,0.2761589416876968,-0.04470855520200229,-0.20252407469453715,0.780431748728187,0.29297667966988833,0.10796926162683688,-0.3196124451148747,-0.2659718108948931,-0.30097618365888246,0.07765561696775902,-0.144602290129387,0
90,0.10998612098053213,1.5667305615110487,-3.2692272292547284,-0.20960194980383612,-1.6898065916757494,0.22092670345293083,0.9810020212799949,-0.3660241409380983,-0.5988263132109478,0.4776715918322678,-0.05240267778446063,0.3951492831411853,-0.08074490867265241,0.027405212341572362,0.32359518974037677,0
91,-2.2729615160920877,0.3571742272763722,-1.9182446927061605,1.4584497581198288,-1.0277744624234104,0.91137450968458,-0.03879391655728362,-0.6046494758771924,-0.1574969054770819,-1.2374606425296644,0.16421607753545878,-0.560339541527218,-0.2838239526124101,-0.22891998122181198,0.35707652448361504,250
92,-1.5019176413538144,-0.17529093111575358,-2.5993572511878122,0.6120613977722551,-2.089017113543301,2.647767861810086,0.10233666461690198,-1.271947118681592,-0.5868465856114792,-0.4533873841636831,0.5121056563352556,-0.1071799668839488,0.11844570429178825,-0.07690905698191587,0.1392444284581277,145
93,-1.7108810626160738,0.8994351340461646,-2.428302810274617,1.3024437068065993,-2.1928881339329807,2.040080057522996,0.14132269352777252,-0.9580281115100207,-0.4225856827161087,-1.0301467049885376,0.4480051004743586,-0.0020750189385486447,0.18770871434279662,0.2667705697679129,-0.25947176104054276,233
94,-0.9857509420053833,-0.9510381557716202,-1.270286865000721,1.0934694838793046,-0.42376647876758394,0.4789354984841575,-0.28514797206801684,-0.26098150547711574,0.09289600987496878,0.1263286485512029,0.17019747949657826,0.049151008263560066,-0.17961757579877616,-0.26452999357081086,-0.24150346437711406,26
95,-0.45910201712272675,-1.6610666984105722,0.4491953611832469,-0.6390870070113013,0.22767675048997174,-0.4806645809382923,-0.13357077421817892,0.4809070222777133,-0.1036371067895983,0.00040831977548677785,0.05342530048067625,0.01206715310768097,0.45989170896750214,-0.18627496948213618,-0.1724885355889029,0
96,-0.44378368288019493,-0.8862369981315705,0.06363461059543687,-2.4737055551870992,-0.8069407778078225,-1.074405238725579,-0.809525981018886,1.1334610648034114,-0.6766608459080651,0.08668864300652945,0.14301068604994538,-0.012305501861674043,0.5741283606151346,-0.599868945709043,-0.28965377939589315,0
97,1.3640566131622278,0.1699909269703311,-0.38881054643615315,0.6601842114229153,0.11007263051774067,-0.644903616718927,-0.14887494811749857,-0.15506747962034248,-0.8357809037416754,0.2110974157737997,-0.29927283071127103,-0.07327029929222491,-0.3750755879597004,-0.07747659790083324,0.18427505069643957,0
98,-1.5193105744858082,-0.7838691926251018,-1.7870478008193602,0.8590888402784501,-0.7184373279802349,0.3232598800087004,0.19579981251377554,-0.018080791214870905,0.11209573319691139,0.017717365114404856,0.09902578970243667,-0.193514561669819,-0.36169121268464227,-0.055124492528528364,0.053127169388675344,53
99,-0.9139374287311662,-1.0588671626588821,-0.8120735972885491,1.4035683090508506,-0.11497421652479228,-0.2616890956002403,-0.4263638709860392,0.052505439300878705,0.3929155272430988,0.036645273817428485,0.12189882251011705,-0.006775504154245923,-0.40162952661158585,-0.16132543080375283,-0.44471979869703,27
100,0.6402188843376582,-1.2860750549394162,0.3426167759631024,1.1602263842057525,-0.19268504691779698,-0.23006912553805478,-0.6472077297745874,-0.4905834959594229,0.4909025741802119,0.020399896262957226,0.058703249118783316,0.04255346295952118,-0.008333310286840106,0.27143656483857026,-0.30574292106500617,0
101,4.122240910016965,0.1930172639992244,2.980302705646018,1.1454073632111599,-1.1910668572327583,2.4263957846154414,-0.5459088719079209,3.173036959793379,-0.2094086365162679,-0.38513675944718667,-0.8926750716010308,-0.07592188501646194,-0.8591009050403845,0.23877549006064164,-0.4414183995784189,0
102,1.376044421132285,-0.6430981774246805,1.2987056228164255,-0.7891129152247545,-0.3851174156068699,1.359567023660765,0.3776999983080845,1.2572030060768706,0.9622417873435315,-0.2839465769872455,-0.19220607918148047,-0.1115793996995009,-0.1286489983861928,0.018650892532705566,-0.03028065236967578,0
103,1.8438372549414466,-0.4182444646680719,0.5889922011414028,0.5654616637215917,-0.4943236194648066,-0.06132101787182233,-0.28988566809273814,-0.4974673228171574,0.5636533634600505,0.053885490994737675,0.40894817541394446,-0.03527667091622716,0.18190495674654716,-0.6609849673701035,-0.3361891355799331,0
104,-2.147722343644968,-0.4427335138757922,-2.85576275622294,1.0879800570881513,-1.5563173826999364,1.885134062993447,0.29489041383129955,-0.8163025950110262,-0.6497941530959185,-0.36071457766472687,0.19041132874216618,-0.23454322694036459,-0.036323972005162346,0.13919867270766828,-0.08833653230398408,138
105,0.2659236362360258,0.5680030125720477,-2.776680406942775,0.3869740401528086,-1.5009825834184756,0.7567883320537451,0.3714813799866869,-0.6014270901148632,-0.5857050658353531,0.40985550059314296,0.07763342691640396,0.0816907600228356,-0.22017105529738445,-0.19810414016312203,0.06313365382456212,3
106,-0.6680771234925205,-0.7738468436932148,-0.3863441572848933,-0.9250072435249909,0.07299363768288582,-1.0814803700970637,1.060425001483409,0.6313297050216754,0.11564271061660336,-0.19397285454718383,-0.3359950532493427,-0.24408238107169877,0.17536365378793178,0.1705577875043164,-0.09230936940676493,34
107,-0.7348886967505202,0.10772556939683378,-1.899992407932776,-1.0770291829432017,-2.0287905606959766,-0.5375950144129483,0.8031544149674632,0.5273840597599665,1.60794859118854,-0.17651103030648313,0.09768701279987899,-0.0981206375044128,0.2531678365069218,-0.06463339369532586,-0.09972815869771788,29
108,-5.687786247708451,-0.5817428954574818,-4.102168400877381,6.191090398512667,4.12964093973646,0.991101340309917,0.1926922982166632,0.6039138621115359,0.0986480757913579,-0.5474539274520077,-2.742200704510668,-0.41596317763027174,1.1108646731905656,-0.46680822220437485,0.14599774948661298,171
109,1.0699096388832343,-0.11083100813937359,-0.33010371064362143,0.6763416623487923,-0.12852937649544594,-1.2371696488610828,-0.7610497017740739,-0.1646677424214708,0.5473155058848691,0.03736917115752931,-0.10052695802723968,-0.2143777239233085,-0.6594946734548609,0.04498673639598606,-0.33739926462621317,0
110,0.059953443082868624,-0.4700068096255205,-0.4215711793395734,-0.5221556359868289,0.4144873212793911,-0.4914590030000122,-0.6739553432576024,0.01955456533074367,0.7137464066693013,-0.06596042135353447,-0.17474976836664835,-0.16461919732233762,-0.461211059397477,-0.1190453703080981,-0.3272225393842145,0
111,4.50213426949948,1.6677563881049418,0.6122228147787238,2.026472769347344,-0.19329916318759013,-0.5732850533008464,-1.687133400550973,-0.8316720853158411,0.19180915211553437,0.09328055158937595,0.4805360748760085,0.02986242298975474,0.36612820355382436,-0.05731587316632128,0.44122417812944564,0
112,-0.563767286489589,2.334965536561869,-3.773531341516284,-0.383887069015212,-0.4325853707567059,1.455849205544412,0.5616505981473122,-1.15866526188687,-1.2069694301246174,0.12181649050051063,0.06672551244785233,0.45333998756716265,-0.14863438613521077,0.7870499167072509,-0.6216871977738186,78
113,-1.4375952569870747,-0.3974789327538629,-1.702447248007892,2.0613108496656887,-0.27103084974286235,0.907827709552828,-0.28383758492043604,-0.810381259600867,-0.9022810801589439,-0.06951766224072138,-0.0443035074811643,0.0957148661404588,-0.5556501006258008,-0.3388932218580662,-0.11165584970246088,94
114,-2.842603984090551,1.2191751594131446,1.0442418633426724,-2.771994242081989,0.33966089120606296,0.29468857458462566,-1.2387492056149894,-0.058199270405893344,-0.7794635371636875,-1.6984874461724406,0.32247715751258227,-0.09624904078295309,-0.19323778514638087,0.34659296818263385,0.006545729400939913,317
115,-1.8820159957220133,-1.5586854170944402,0.05353328913282021,0.7454801987849241,1.21623818768437,-1.1353593478772426,0.7813867346721359,0.8475121911945313,-0.013414654420307173,-0.3329681476975745,-1.1484883259954541,-0.3683039050430225,0.537243871288372,0.017769491895174724,-0.295410978939517,70
116,-1.2405859416672615,-0.2318914632343625,-0.32277629179451456,-3.3585124699319255,0.7802561449778784,0.1535106927668172,-1.2671720285982615,0.36085804924063125,-0.5628764579122743,-0.3634585975913691,0.04089718629859259,0.07362551847868591,-0.1816661647072985,0.6485273253154938,-0.022145868872692025,47
117,-0.730737571492265,-1.5342547878950883,0.5191920259228924,-1.9282999427408543,-0.5068545753893468,-0.4152522626320554,0.8109670376246516,0.3210055161306301,0.5590472199315613,-0.212938543968455,0.06262140973268779,-0.14109542053275406,0.0253742135892617,-0.27358916768824043,-0.07612147211588556,22
118,-2.4062267950206824,-0.010655824011119575,0.7673186353958801,-1.9361249721687839,-0.561045588717375,0.11717831895771855,-0.16669010392731354,0.2392978558640401,1.1319829097128042,-0.064351361093531,0.10429049483198136,1.3261451503725705,-0.3821308462641173,-0.2229389127599629,0.2713854802868221,30
119,-4.513143992063968,2.4821130804420255,2.6151446496198356,-2.3748856327409706,-0.062224205155102845,0.34174622271937233,-1.379374137743656,-0.17489941599988354,-0.3860276177551516,0.3329211407977772,-0.03694019644059348,0.559074138345642,-0.28193475589784556,0.10540774245985675,0.1369935223114342,245
120,-7.988769464005871,5.83945193530923,4.842264405748651,-0.3701166126680619,-2.240264106989,0.20040116609681527,-0.7598579258081857,-0.9131876724758242,0.3633065483114777,-1.612222302565354,0.2162087553114659,-2.342429388025095,0.2889627902822968,-0.2795479225411874,-0.23146756773963553,851
121,-9.677664920897113,6.318243197743162,5.328009753905408,2.2948328864416196,1.2172006074422632,-0.04180444523946954,0.2913164939040211,-0.7618835636816803,-1.3300074668586999,-2.2776310974463567,-1.1136033662729816,1.5559123673958433,0.35529927816824525,-0.5701748097733026,0.12122801186479124,793
122,-6.516104054591597,4.83493387375518,4.4844916936812815,-1.9326695239448926,-0.6426849755919871,0.14783389104607697,-1.550347187819605,-0.31948826213567805,0.17864061908381784,4.418518407812761,-0.796846532153669,0.30362762878262534,-0.2906519910043967,0.038112489036924685,0.18434644637637618,101
123,-2.9797497375817583,-0.8015861250652929,-0.6362016615884982,0.409322943639051,0.25267376780736767,0.05330012709817583,0.1313725380836568,0.7057193972175695,0.380982669561637,0.9784725727241081,-0.32701727016781695,-0.7995428866774769,0.3956385002304694,0.30337396344805356,-0.3141103971645771,45
124,-6.390437747739521,2.635934407470177,1.9302016898638692,2.250986520308078,0.6846535789197203,-0.4959755049574175,0.3033533015895275,0.2658251811209156,0.7769718886506735,0.7226089232220322,-1.8036577306454613,1.8381065665582237,0.3732302159848545,-0.24198522500134467,-0.14801120623680547,198
125,-4.014333135808463,1.5728351415594786,1.0885054771383937,-0.4495058889577575,-0.6994915807362031,0.012528062652524737,0.3491123168909865,0.1569563905746756,1.1839669482476147,0.738283421238522,-0.3856773859095088,3.1135156445376313,-0.39064767890032415,-0.16882296543246228,0.25248500900931914,1
126,0.5249161525574869,-0.5799867205882167,1.0346569056409418,1.9413840576771528,0.7021269972168657,-1.2319028648081247,-0.3955416177004777,-0.6245284754756403,-0.40199044668733147,-0.3906865247748685,-0.3849697682616981,0.047581387967085706,-0.46332885937250234,0.25004998050621896,-0.13879343184759688,77
127,1.7794438857064567,-1.3331629044488755,2.2890245648161547,-0.3403534778089125,-0.03589101770742829,-0.4013461206708034,1.607890112743512,-0.5984947753029008,0.32625682734526923,0.014778898272132208,0.2589559297117465,0.04484141114612553,0.8176135269373644,0.10004518215437402,-0.10000926445686434,4
128,0.6193321135438472,-1.1238318145225485,0.9871778602461022,-0.5149980128505286,0.71007883580021,-0.5934677695802834,0.644720597646408,-0.3694190544374239,-0.02190005444428412,-0.024445155899371504,-0.15091306466406226,-0.1564482827390288,-0.3847013008309396,-0.3773693583988944,-0.19515161119019972,6
129,-1.0035375487150322,-1.276316441450408,1.365279792106064,-1.4396855391854253,0.37056876365096864,-0.5337707429341552,1.343696538952972,0.06368910959151731,-0.02937717547230321,-0.3097618173508284,-0.4086674917286044,-0.11635129888043079,0.034131211106143616,-0.11148520004863095,-0.008409837738557625,67
130,-0.6300913836037804,-0.6397367588563915,-0.11728222979662789,-0.5080746464111551,0.1624248818493346,-0.8765707439920701,0.260627709841064,0.2986158920684295,-0.0812313922780595,-0.2105404558349208,-0.4685536460319696,-0.3653658137204501,-0.07430126169832975,0.061376883754194145,0.08115800747476967,56
131,0.8592796795826126,-0.4516565413034567,-0.025673316323870345,0.09864174943456637,0.008452860695536217,-0.290294862063408,-0.15320615384552605,-0.14700328159141157,-0.11862453042635551,0.11594302129813612,0.0956772689755838,-0.00047382630947170857,0.34585877409768506,-0.0837851222940422,0.19434458493399728,0
132,-2.8095895395903923,-0.6342108316424105,0.02105695792418617,1.2446354279198548,-0.01727388085170272,-0.5967198704265407,0.5762065385492624,0.9263959246668692,-0.27760016220028877,0.1416975510892933,0.5267109499634834,-0.18831480202908188,0.12427579976485516,-0.31164383557511127,0.000868085477107065,124
133,-4.462890487850177,-1.088091861748568,-1.4077704731578702,4.392218769426456,3.2591119628758554,-1.191769652432296,0.8258324156153665,2.992244070969518,-0.2048501287024246,1.425597184085781,2.701757939684392,-0.15708986193866442,-0.33120590834584007,0.5937839350919453,0.1668055825615585,19
134,-1.1621516889657182,-0.8287102417280909,-0.1681482155963834,-3.305611737700717,0.8756147492914788,0.4070431452011571,-1.4784749630839897,0.2770773094222013,-0.47201137517348574,-0.1336992329820467,0.10021164727909251,0.16029668997238036,-0.3299720890255448,0.2726233194093704,0.18761687697073465,2
135,-1.2635176304833062,-0.9748076059554067,-0.0829476817504467,-3.3530765023029416,0.8379011570929338,0.46135573641691985,-1.4985001717486597,0.30087967818149575,-0.4584704047686267,-0.11880183356607012,0.09789165656435798,0.1690254650540599,-0.29905828160366094,0.32569971101182227,0.20556792410094,0
136,-1.126929764553583,-0.7937389479551317,-0.11476589181520598,-3.2818360827676885,0.8643432296599249,0.4733737145689215,-1.5056054215190058,0.2961559238190659,-0.45908224283144755,-0.06419238983116485,0.08666929955171152,0.10179280578171031,-0.3495707881256983,0.22326127711178329,0.22207958012830675,0
137,-1.2443737055483584,-0.13522855053246527,0.004947822922942709,-3.1858107765875934,0.79553404403724,0.3371311397210462,-1.528044038905146,0.15559001356337382,-0.43968381999206047,0.5470807028150876,-0.04429906093291307,-0.5132361979376732,-0.17844199220934676,0.3116210700211169,0.14571540822320295,13
138,-2.9114741067608167,0.3546342067215833,0.9156124433284434,-1.4894745226046768,-0.5698500467060498,0.14423601409503523,-0.048013176134421125,0.05148526982769173,1.0981051120203555,-1.0300061779533398,0.16393959124389268,0.5358284160710765,-0.21518174753953553,-0.1640480524453277,0.12214372325416686,187
139,-3.57555149660919,-0.1938498243570258,0.23054717755363355,0.23851875028908895,0.5267540138876128,0.14803562061553893,-0.14357127937005518,0.22775879660046666,0.6991259055757126,1.455214472309954,-1.3351829819067835,-1.7686931783045792,0.5695266769359499,0.1874478695299828,-0.30273894726019324,93
140,-3.002923642872913,0.8553120225423784,1.2674566688790792,-2.8337508012871897,0.24067687187729195,0.5485649862365757,-1.4609928629613276,-0.23291577854169424,-0.8952558730311195,-1.5682359536592878,0.27317061482059873,-1.7859703060689245,0.019641874322530575,0.4389855983572766,-0.05691858027643302,385
141,-3.197785821801584,2.9647568674211486,-0.21557720318655388,-0.620203907432872,-1.8350532856270907,-0.35482968608636645,0.8707848474178839,0.011297524314881005,0.4016397310332735,-1.2210151635779185,0.18199705034811245,1.6327552675145915,0.020274590158728414,0.2684260424617545,-0.41129724212165486,263
142,-0.7385600812806574,-0.5729408010763334,-1.7674452908484368,0.5964015736203474,-0.8792418838845162,1.1259639019931973,-0.16500757286479323,-0.5193253289038099,0.8229847000790286,0.1952973861235004,0.21126479950088742,0.19602595653323124,-0.07118986774691653,-0.03344001345239508,0.0343669555531699,1
143,-1.7878616749988934,-0.7466622181495555,-0.9270390292251032,1.051555388385681,0.052402648297180054,0.8088167139754507,-0.05430349403957778,-0.1989332129657181,-0.7982122066460878,-0.36352142870109344,0.06848274839925998,-0.011818328615796915,0.10083454291490024,0.306034947380399,0.15225690018928212,119
144,-1.984563766807376,-0.1635792316082356,-2.830765229033583,1.4017599661815032,-0.9073751713933226,1.43820566445208,-0.19944794669503996,-0.6587760067531164,0.35459572230627434,0.8281063597885341,-0.1388269651890976,-0.4291086508747363,-0.42743950309204654,-0.011107175608240587,0.1970586119492263,24
145,-1.7537872904443392,-0.3041117877042889,-0.10805057159229267,-0.3614696864427955,0.3080415333844687,-0.5736535839561495,-0.15580616237980038,0.4587977568700601,-0.2698583828702101,-0.06107541779114849,-0.223996410870863,-0.49884739970996655,-0.015681028012611745,-0.26779146138770954,0.09569658631729432,101
146,-2.3192045751946826,-0.8699749458544581,-1.225851426618063,0.6422403860629875,0.21026995588300468,-0.1518630929687582,0.16547593316703485,0.6586844228666964,0.28721128346334146,-0.07228844063424955,-0.2705803456000654,0.016922001521671743,0.09974498886731188,-0.06698621130619252,0.24236180709635674,52
147,-1.3285608921944922,-0.9862283738574624,0.12517238208703166,-0.6453297057632491,0.12185762920229112,-0.8592417142420643,0.9478993636710469,0.6346263852439564,0.05881534648358612,-0.35966951203584746,-0.1551410269383465,-0.39084505451825174,0.23948646982751715,0.12958760130675254,-0.25392065150669263,87
148,-3.689697585004537,0.22008815615908686,-0.0819630501581875,1.0966210209760605,0.7472760790276358,0.01024862976998761,0.21434165262896435,0.12343668182965148,0.10323259971566272,-2.1647684783530825,-0.7987764856895588,-0.651581878276829,0.3444651116640394,-0.1031467450478386,0.17672640518294605,366
149,-1.0441839702495272,-1.5542972678449487,-0.6335538668677969,-1.2013000462534607,-1.1383670491340068,0.4913883648367125,0.20332947391736422,0.18593076800505462,-0.38907966886263695,0.024969372155095426,-0.0020229201504231055,0.10613524637282716,0.13336805303678673,-0.25853010980134705,0.04760781719762679,10
150,-2.2474275765988763,-1.2998036013641068,-0.3925509751883566,-0.5777283420528191,-0.028959163503763645,0.3006369334565084,0.08013777190605102,0.252323110986593,0.0873617661080483,0.058417800300082874,-0.7096930937886687,-0.5423381874238842,0.4327069505618906,-0.09552449929266442,-0.03996232749633622,67
151,-2.479512177208731,-1.5449454749090454,-0.7608908508346922,0.8954203277160072,0.8093869195157056,-0.26399400640374066,0.5020823692677597,1.3255558287647387,-0.6265821426053052,0.7530385774982109,1.047283188969044,-0.25709274900221823,0.09294175293372631,0.09588108223978842,0.024346358199585548,15
152,-3.2797721203882593,-1.0498543330977845,-0.8594224275549112,1.361490753892406,1.2368375120049295,-0.09321812945788903,0.5727864524369071,1.3514030936575068,-0.2325368514582106,0.3324097141855673,1.3543836627656387,-0.6048144678413419,-0.015472318021294914,0.5324589902229053,-0.057658118022699316,105
153,-7.374637020670994,4.935240538994709,3.871799952812028,0.24129488157090517,-2.3721965493362576,0.7600030934537538,0.11825194313865432,-1.1693854024061592,0.5538959874910824,2.4680694474963025,-0.7987285740253467,-2.3711592486770128,0.3206586676807162,0.051163283220668244,-0.11567345283906115,463
154,-10.040420956273701,5.441215349977045,4.058306408814443,4.378409505692859,0.8164410478124259,-0.581468845544965,1.199438589162807,1.38539985547492,-0.05544860600088266,-0.41048437738577015,3.822073905477801,0.019162940477606392,-0.654636622271687,0.2603784083143031,0.03780135291892355,714
155,-1.9475395907888284,-0.29259461170544876,-0.07972164570588909,-0.4202109630046159,-1.1638663331865688,-0.2135257854601309,0.5172411878711687,0.26114295045686414,-0.08048999035925596,-0.45503217571220084,-0.009402295903898456,0.5713279668385577,0.1415065142224348,-0.3826884669374914,0.11998828421258015,109
156,-0.25617117163724124,-0.20144215279512961,-0.784295450545515,0.200736805748204,-0.512151576803275,-0.10609906077509397,-0.15838037242819422,-0.20426389492771377,-0.05660937124703361,-0.017810047683281597,0.1746683125347204,0.060871951617742316,-0.04945251207179649,-0.31819355033470836,0.3361254260261571,39
157,-0.3734986711163534,-1.6168206957423068,0.1798983261622541,-0.3719381029656215,-0.2656525222144525,-0.17125829602664247,0.005766449486837,0.27616935454457964,-0.26468123080151784,0.07652311227648559,0.06187996895089465,0.086837003028328,0.6713083782638755,-0.06424440485586452,0.0590230941509476,0
158,0.5980286526784654,-0.7286018916563074,0.2194811176005484,0.18476809943605532,-0.2959899655728239,0.3977346707316032,-0.9341994072982154,-0.12222678238071306,0.48814246131285804,-0.06157268123302951,0.3091169618280901,0.14728205409309147,0.3590287288549281,0.15100259288556503,-0.06746029529896709,9
159,0.5292595720580456,-1.485514165042557,0.8358187142192584,0.49632879534996854,-0.13668372896904232,-0.6611229218647667,-0.21141838456169978,-0.16443074962997173,-0.3600355813267276,0.056066492257944626,0.009638374354652764,0.05274435833985813,0.2517173367795439,0.05519623607393263,-0.22431142870736512,6
160,-0.9654149394255899,-0.2434880499906237,-0.9656153428940757,1.2252326599148293,0.48434223819250893,-1.163285190301937,-0.12446430717504514,0.48173714228543385,0.3327008345495392,0.09798629657579712,-0.0950674072344025,0.049024539490115704,-0.7689608000256726,-0.2228631729396318,0.18980228257458995,19
161,-1.0658415139918513,0.09063458500357034,-1.5325164823059856,-0.4177575361816025,-0.2448430053842709,0.13078503262637572,-0.10571795466225924,-0.04718456346318505,0.12528670539680634,-0.15103212238405844,0.0714959368780972,-0.043259083012495196,-0.33584488530177836,0.10041771792754337,0.3622815930967368,56
162,-3.4888613103199386,-0.885142609555539,-3.067881445704642,2.6341783842553372,0.16687077156714553,1.2110138945461766,0.2729270143165684,0.17162473399224387,-0.06770138394896465,0.11948796661718532,-0.45725400995563575,-0.18491370487565373,0.217903552999115,0.5653639188828514,-0.03398789205908459,86
163,-1.2181230286636364,0.12544524820201863,-2.912866168343007,1.1828481353721163,-0.9626804686508424,0.7559663497972879,0.1796366788071135,-0.4839307299013713,-0.07435933262636309,0.34052075115492647,0.01242004447785858,-0.06103068447761753,-0.5371378588563589,-0.014198106598900315,0.07674017821961619,33
164,-1.8025595412063753,-0.5330662250596728,-1.7812286041487775,0.6365657330025362,-1.0956825928038398,0.6825854644155573,0.465018345224966,-0.21548444825829777,-0.2782025452449645,-0.13468091931382298,0.08900964204448261,-0.10701370083711699,-0.16104149181602484,-0.1669314488843547,0.1782507364280505,90
165,-0.753601707262082,0.692483965298481,-1.2419878198862828,0.48086699641669306,-0.2168563642317444,-0.8929868839569978,0.15574510866693841,0.2526615309908095,0.3785387270196017,-0.18403946694791876,0.24690783295960245,0.037227457767796124,-0.4715615317949006,-0.16786245021033747,-0.2965291957561364,75
166,0.8917063082451896,-0.6194480635889483,0.7653312442384244,0.19399231124849398,0.3229370909854275,-0.7811260133882517,-0.6565035637947023,-0.20913878797065305,-0.1654444521168734,0.042656866855541216,0.08415217652033653,0.1707878815250665,0.11762163735850131,0.08435168104063216,-0.030539061464162204,3
167,1.2700756334654906,-0.43850695663670786,0.2363119131609778,0.8974488155189824,-0.6986090254629715,-0.44356767863372554,0.019227880712837753,-0.46748355593580376,-0.7896611510902655,0.22408389727306946,0.13479596101216682,0.21542923399801536,0.3103286892024269,-0.40136322426597837,-0.04425395356757793,9
168,1.784618631019563,-0.07735905115247904,1.8386998507147772,-1.1786517895916406,2.146166639709791,1.862547435576427,3.1284685557983427,-1.7075457784441859,0.7450542558620187,-0.0035984133146199407,0.09018060561302546,-0.07327256506930094,-0.2749451292222046,0.4699694310055491,0.29959650263498266,18
169,4.95454017049282,1.6664783760752304,2.4733647234447904,0.4903027904642507,0.2465949468791251,2.6728130116489726,1.2883077243556813,2.629705701801277,0.15784910287712955,-0.26768060264187626,-0.8173616623254614,-0.4041986740623645,-0.8831848052466528,-0.6558483191683756,0.11142820429161777,0
170,3.6659848488631788,-1.0402887165282217,3.0111394095622233,1.8778935689330132,-1.2895722228054274,-0.05971186841020867,0.5009709588820411,-0.11218714484774127,-0.2959432685179823,-0.04724648662318431,-0.3774650852054065,0.05759420417182888,-0.8045621640541888,0.9317383126841696,-0.3721205424249118,0
171,1.2426641223010892,2.3303777451030188,-0.9187558262284152,-1.1992260642347268,-0.0748707258965441,-1.443195374922781,0.9938787804577486,0.26722673871907465,-0.6590219734631145,-0.29028314951724976,-0.25616351566430284,0.0990635795946657,0.2023740912345647,0.6581250724626064,-0.19362111655508008,75
172,-1.5821872815422346,-0.9710150341756743,-1.0722085112587905,0.9186303111709773,0.4337236490461726,-0.08529698288440901,0.08703547928186195,0.281590392530923,-1.1645650145277575,0.11600886434725467,-0.3469140537942325,-0.1825504649419893,0.20054537965736827,-0.12070694085547404,-0.16752198709292493,59
173,0.9192498641991176,-0.8423400742163962,0.8822178633472686,-0.8839140144718957,-0.24737146675025598,0.4484565660389371,0.02955324379410055,0.36217594009109605,-0.39710159376278137,-0.02264826568350214,-0.07179846468614567,0.04924910748159072,-0.21594950432143953,-0.08683444220018648,-0.05569869102657865,0
174,1.3079351648486086,-1.1232898654265635,1.3717810666782861,0.05023673739214212,0.19185967034222223,-0.38797968096151025,1.3321555072851892,-0.12125824988185266,-0.28518506847172803,0.015717394345742926,-0.4098471976297293,-0.06656711931658764,-0.23182830626738282,0.09402223964722689,-0.10249321888579568,0
175,0.8206398042254043,-1.1572651552429487,0.3391014698428898,1.5038188687864225,0.059710948719895844,-0.2414875884675178,-0.7555831398044432,-0.5850200564251722,0.550843712690005,0.0732468480018942,0.2574634567497393,0.04809601649077989,0.2692356923452051,0.2178422547382486,-0.3180878071281278,0
176,-2.0970799273571443,-1.4954267930563636,-2.4146053724310717,1.8241384322567016,-0.7037041905297288,1.1049562463057807,0.3105691590945542,-0.09863613786718155,-0.11679920442257784,0.5572789638021712,0.17617145187305475,-0.019052861917223825,-0.2564393325860427,0.1142485202258346,0.05008749614209054,3
177,-2.228180226547709,-0.6152709994398191,-1.6842792093189698,1.3907017587557025,0.04835056977651498,0.20387673440539406,0.14081600214388906,0.32379621393196967,-0.16289022417407822,0.09389714129113132,0.1616573752485101,0.10760703103688343,-0.3312836924575352,-0.0687819461174532,0.3673296527541838,58
178,1.09590327961888,2.5344962850285357,-1.621586817536343,-2.6248774107598645,1.2766027157520834,-0.4204008769179911,-0.9884609672857116,0.2868950265717729,-0.5603115435279925,-0.01048179037470137,0.03813076852551549,0.06730877638836781,-0.3232512876465148,-0.12370587386314265,0.5462207231846586,9
179,0.3474980121692662,1.1484354906009944,-0.7917927729775059,-2.7195006706863376,1.1403802768986508,0.24952042388692358,-1.3469322322019324,0.2888727804936295,-0.4824123089276753,-0.14287609337105195,0.14672316206088362,0.07440002809036919,-0.3059777703200666,-0.1455770710889911,0.2901712328608992,17
180,0.7224987702376676,-0.6185641276266342,-0.048056836510995266,0.4070749130562628,-0.9291823472462386,0.5608770541144896,-0.7047678487159259,-0.08728081393678377,0.6146734680315814,-0.07369509749272607,0.22653542713810537,0.1460823089448223,0.2717372939036759,0.1960167331384589,0.06416368407054117,10
181,1.1726565180410147,1.4382960746600775,-1.6394444622749726,-1.0401917261771103,-0.39012404846554743,-1.1217838133556528,0.6648904548300456,-0.212067452854647,-1.0926150982927554,0.2611485550261037,-0.14287626237583342,-0.2996989870390094,-0.4083253828514293,-0.569234785189251,0.8879818579789939,18
182,-0.9186423291856697,-0.8800566023885769,-0.6465687316788741,-1.1386103303019584,-1.0600434950569415,0.5933827733437814,0.21097801117420814,-0.04617343631263343,0.4032614787881949,0.0061963526337486296,0.3626829330464305,0.2094024825326702,0.45693289309334856,-0.025221251133199184,0.06390744637226685,22
183,-1.7528487841003528,-0.6151279879566888,-1.8733583007406944,1.5709415252966434,0.04546150926137367,0.6825274138909689,0.062262793706824804,-0.3095676894803346,-0.8148133101059485,0.4086152750693774,-0.26881964108535694,0.3956601407406424,-0.40480216959937054,-0.11527624515159668,0.481994117906135,16
184,0.2439884502742265,-1.4917068713752357,0.004846086846654137,1.077785581431073,-0.5163474497036785,0.36762928098706577,-0.0386286385160675,-0.7241961584247643,-0.6193450334863965,0.29712560528756227,0.13180567577073235,0.20231712591741413,0.22725574766334536,0.31541624038950344,-0.21911742459314854,0
185,0.516326146390437,0.9078965504319546,-0.6636181948031634,-0.3904351753851305,1.8225747008066886,1.1180691849821138,-0.13500861236140563,-1.264370346860698,0.27012939492641846,0.11922098589184675,0.42816798587914234,0.0652122540865758,0.11023087436283145,-0.5394697725667755,-0.2622801606262769,31
186,1.0389641939772924,-0.8349331359484966,0.8540975910722346,-0.03136663746380518,-0.5110861098286855,0.6535550195161286,-1.1566144076977616,0.7241341821423106,0.5145902758252753,-0.2706393381724793,-0.29982537788551344,0.04522595276311235,-0.5065146005347577,0.7509253443149029,0.13981715666146746,0
187,0.8142251045272421,-0.7034813751248115,-0.21764062942091308,0.3227019089904968,-0.9203566956146552,0.6238122527789212,-0.39773549800253144,-0.44847511838833504,-0.3906607537243419,0.17743784161988446,0.16042144802699573,0.17790490710315354,0.07333101217633353,0.025691998777968187,-0.03547565232825694,0
188,0.22056274312875568,-1.3853696700583495,0.6897821652546426,0.06711560028355117,0.45856433483080083,-0.837055685037561,-0.5053885192229808,0.15495091688051527,0.13575296276512844,-0.05686037091050029,-0.10947221890693751,-0.022754433650231946,0.2950214101961822,-0.011843096502918276,-0.11563037423169067,0
189,-0.2980839397292648,-1.6695427863449304,0.59688133557412,-0.21890863849406936,0.5174549893570983,-0.906586642778244,-0.2299729229403847,0.41230674882496327,-0.4062632303718609,-0.03636444972188454,-0.401661599366621,-0.03766096337263499,0.07315761767231488,-0.08581630042314457,-0.039681559872907855,0
190,1.7964123696169023,-0.4590370335407948,1.1404694404986457,-0.08808870789487155,-0.9155613038990191,1.92299798649085,0.05739645171737592,1.4417826594777388,-0.3737637441085201,-0.058297229199835376,-0.25399824872222426,0.03935703082886209,-0.25958843868655607,-0.3329456161846573,-0.36559015079743223,0
191,0.9112834493961569,-1.3155822206119574,0.9259190758268049,2.0910262678060705,0.9707518813098245,-1.263066744245467,-0.5944370069040205,-0.45985622964783307,0.039483778187605116,-0.05003378460738581,-0.5032751685811025,-0.058768632532363814,-0.29863451830721865,0.5475724097939523,-0.02195043615515991,5
192,1.4480142943631615,-0.8545941786985196,0.6330357402268685,1.8945280209986544,-0.7539698679670729,-0.132843530968238,-1.0000748752761373,-0.8082119956799699,0.20009473092313906,0.0036502480715828755,0.1864005790473776,0.2726063446188499,0.6196567417334437,0.887330332428689,0.26191095754756766,14
193,1.2575296864535879,-0.2936058055411831,-0.1375425112770926,0.9964480665491119,-0.12443508896514034,0.07791104735260826,-1.148584535521314,-0.6164495664364483,0.03357666836350711,0.11963254265272351,0.24064858376640172,0.17049762358590315,0.5487575465667769,0.4002989719435072,0.24613120067432956,0
194,1.7179362892346972,-0.2639131155811183,0.5079420643912861,1.1428177927119454,0.33057495027207884,-0.8174192129671745,-1.5201490306019227,-0.42665089446108345,0.24226982739521705,-0.004688998540219317,0.12962204102410393,0.03273424473677349,0.21154320015836334,0.20764385502237193,0.04174367335406521,0
195,0.06662602136450525,-1.1188165049059582,-0.26948107317807984,-0.010385575033216507,-0.6842693671255334,0.023745234352054057,-0.29792875716833284,0.03993466470960665,1.357353134147225,-0.1661125593419276,0.031953260424731116,-0.09732090740585421,-0.029923057669241245,0.01569876556635802,0.08296366308253526,0
196,2.527558321024019,-1.4154010265772514,2.6622842209107827,1.1119770816598382,-0.333681261339549,-0.38219296875912495,1.1390390488952356,-0.7532652861955499,0.37394016249597783,0.024989736716848034,0.1460880112031519,0.15398730090548135,1.0459923402433675,1.3624537357111661,0.40565421464069396,0
197,1.319368553633737,-1.111095392652877,1.4116391043493497,0.20595280317438425,0.16221786842650704,0.24302753217386533,0.43483495355514373,-0.3864498567756501,-0.3508143754057434,0.11129079678460202,0.018452422523384287,0.15800892140092693,0.7028640509155396,0.6527990130191308,0.2751686321127149,0
198,1.8309213642376274,0.7985822619853539,-0.5643253936016859,-0.2316213092905862,-1.0706149227954118,1.1093822944983354,0.4978477831429916,1.1979395316568853,0.15072605523987453,-0.03143029804733289,-0.2664187839594805,-0.10447425079440276,-0.27578528090421417,-0.31703272689682166,0.06735157612927753,0
199,2.970792091150456,-0.6030626289303602,2.450224458381639,0.15366617128895177,-0.4181990641867897,0.11009243940101789,1.5708751295085595,0.25751354538914417,0.06109648989759241,0.0029440632822759997,0.029324964643095603,-0.07152951527636614,0.43755707560059165,-0.22092568744939065,-0.10001952050038919,0
200,3.5695100145118293,1.9393635112896315,0.8803626473200232,-0.5610586866809668,2.389907769075502,2.126367833115484,0.8150823745842636,-0.7950615104422584,0.3075031609902108,0.13967355210146387,0.4527607167987971,-0.14792184768290342,0.2969734396719737,-0.6951449337157652,0.715535864633604,0
201,0.6827544256477942,-0.6261218134392186,1.3862497690530642,-2.0574999595528642,1.462623796829239,2.0809014977639895,0.8793524030199723,0.10326488927330262,0.2666044442438626,-0.13566122060358599,-0.10330722773383715,0.07622221231354047,-0.2057083777123937,0.6464315345204575,0.0869983479638277,0
202,3.759570558248653,0.4244155989822796,1.6353599180340983,1.455237746811551,-0.7404972998010726,1.2634812433848615,-0.23365224286003622,0.29335638768770766,-0.4241935424463932,0.03752358668163403,-0.14531273911120762,0.09509652998611186,-0.3135086029377683,0.3318929982371321,-0.09091320310870862,0
203,1.8382620919238797,0.2900336092795509,1.3242008330209378,-1.3044380367942032,1.8324572083880293,2.288273272377654,0.07577464446063803,-0.37317534345680853,0.3166858162837869,5.494346679740924e-05,0.48234564409091096,0.22323382111070234,1.0696577135944392,0.3903456493335806,0.31189047607841075,0
204,1.436624973293564,-0.3281595188536667,0.5833192378695213,-0.0023003449259403606,0.1196678967785846,0.1981651499892335,-1.1178756081644943,-0.10206182006313115,0.7583252080809801,-0.0979007845443625,0.371595248908635,0.03575156224786439,0.2788909192831917,-0.2505575190119718,-0.26131255561741684,0
205,0.8818773209645184,0.39372848901275354,-0.40662039059175337,-1.045799212663362,0.9650108645881277,2.4378978626088768,0.12242237407644563,-0.4300924154502253,-0.7121304380533637,0.22720254062268808,0.1404143684008938,0.14249881549048593,-0.2693527160290468,-0.15666428326126594,0.1303615854093556,0
206,1.6845339238128665,3.5724696813497303,-2.650320796255506,-1.4004471118400124,0.9182300255162259,-0.0780705340479168,0.16434002959337377,-0.610151876285904,0.8468580610570028,-0.18314175183078363,0.19333657600967966,-0.055408151954619976,-0.4572517908703577,-0.10757554408973803,0.14587276291504978,39
207,-0.19064249250282603,-0.6005282915342216,0.232672959475281,-0.20696079898505018,0.2608360369651104,-0.7269920429697697,-0.22415738086199988,0.09875775557738088,0.1922526728690238,-0.0868719905779609,-0.11424578711005333,-0.12895508446372433,-0.27952755096304593,0.11219013408034115,-0.10400508228455725,33
208,-0.2660712548622045,-0.49740637634260126,0.40959308177825965,1.2915670599362363,0.09361356265398732,-0.3627474942354947,-0.8578540019051957,-0.2602345019441965,-0.15044887876305668,0.13545200387658748,-0.05016654053216537,0.9086910697899553,0.015649083503355105,0.16126717225542092,-0.08892492181261048,6
209,-0.5534689648288887,-0.31873113346442017,0.1892139670748192,-1.0091697781962787,2.485133260586885,0.5030608515996869,0.21695981337213213,-0.6703938710656268,-0.4752181328133302,0.07051179970318579,-0.05014588510484059,0.13879747678249946,-0.5698785362253131,-0.48282698853397926,-0.2386929147907245,18
210,-1.1170773617647545,-1.10251961269361,-0.5007642517316676,0.9272168978780453,0.7206951104022113,-0.47955611024304834,-0.10286900114948967,0.2624756626703984,-0.2580984268843159,0.1640930522251845,-0.312946421396852,0.20437939281837275,-0.19331323107406012,-0.20673175134780553,-0.13801823115502654,5
211,-1.110208790363644,-1.0512381331991785,0.18437444175860543,0.002844408711890475,-0.10413193275828389,-0.07211683246122559,-0.0077694244960789935,0.12667056045498784,0.05989394333493526,-0.10959038997496298,-0.032741764100640565,0.44306515527243545,0.42656173816998005,0.05393584560324632,-0.000492863356542562,35
212,-0.6146204679582754,-0.7737277929323177,0.24904497129850303,-1.0158449993836385,2.5119208626970897,0.6919033294996165,-0.5034003687248848,-0.24846944405188104,-0.017818133467580138,-0.08003403223404663,0.19742496585404998,-0.007772106710352302,0.31270363904373416,0.016531758912754477,-0.24501349809780107,20
213,0.631937491759903,-0.2151259579016964,-0.045522973148201626,0.2879726914788617,0.26427197270093244,-0.8749620618429009,-0.48358700397536514,-0.16642622653401565,0.1781811796265938,-0.05034115101431255,-0.23068856350467337,-0.11083219915354062,0.024647940551900904,-0.0018404561690655162,0.31035369565457893,17
214,-0.31812049816163546,0.43488728259844905,-0.7173474947867321,-0.46441271487436436,-0.10305001606074304,-0.7879221945382905,0.23205641580577757,0.14550168027540653,0.11506729041935683,-0.1175628925673743,0.07881651132564699,-0.01535122335009122,-0.1642949565561395,-0.5180092801519891,0.04398782100529539,53
215,0.7644308405656078,0.832777293492656,-0.2917404696396952,1.2416466515880415,0.09134447434680787,-1.572911431273275,-0.5985175493535928,-0.20044755463782002,0.20280790287696618,-0.1549132789196619,-0.389998050395395,0.0965512805811878,-0.6889036277198602,0.16089208435575103,0.28454861578163476,45
216,1.9428037037919854,-0.24953324948039243,0.7127365427078824,0.9146065496319694,-0.4458065810596232,-0.21670806488758426,-0.993007440387081,-0.3460082967898644,0.22180722801295114,-0.03159588190566056,0.2413760354661833,0.10658084361851089,0.28170282527869667,0.262243407318749,0.13799374005981835,7
217,1.4667829288576406,-0.11525115793644246,-0.10016729789672596,1.9511787936106957,0.3477243218370906,-1.302342272244001,-0.9957857395786812,-0.6697599824938161,-0.06764940460108616,0.0997766714999288,-0.140194567719837,-0.14946626596046753,-0.7790625800398668,-0.4059874813823526,-0.2036756021531537,8
218,-0.45793873439143196,-1.5075341499456767,0.05288005848532746,-0.09712840311590586,-0.46810448809558297,-0.027391414570410135,-0.037836627006241304,0.10396447388149124,-0.5010550794878604,0.16509075991981723,0.14917690919958415,0.21860279062939328,0.47787701063834986,-0.0686839754140082,-0.10910776481144616,3
219,-0.7186698086182708,-0.7720864196524938,-0.5678759638542603,-0.7652765841754469,1.7869594529472923,1.282389164601497,-0.25436100124310573,-0.635237322001649,-0.4718625856021139,0.22464263564081466,0.1838887796339157,0.12233870767162625,-0.006104877622328087,-0.06759634556553722,-0.20604779485610844,0
220,-2.00326647183687,-1.3808127857414285,-1.4443500605853825,-0.02647718237740866,1.5445020630623494,1.409435671263775,-0.18808765854172071,-0.14840524886667528,0.44536563848659816,0.13926064005932945,-0.03724368124106658,0.004695143634160618,0.03758739332216628,0.3685000945261862,-0.08670720284978048,0
221,-0.8108808517327817,-1.0594372389779532,0.3991311570952482,0.6312944232462822,0.4136369367439284,-0.5104985642275495,-0.045611885137175255,0.1451627303424461,0.3467281695586967,-0.0629019508760226,-0.16560551422049719,0.4768142935720831,0.2307263197678601,-0.13641591867707137,-0.17048462420866706,17
222,-1.8553274231524879,-0.6489280197228461,-1.0696239088055324,-0.808021385242956,-0.8502766828887485,0.3552485107258908,0.023123474349429393,0.2421332375252082,0.746917497629252,-0.1439726478711588,0.06289122904827488,0.36018464735913913,-0.049395053412846675,-0.07632394663829643,0.13056258634401272,36
